Kind,Name,File,MaxInheritanceTree,PercentLackOfCohesion,CountClassCoupled,CountClassDerived,CountDeclMethodAll,SumCyclomatic
Struct,"DIR",git/compat/win32/dirent.c,0,0,1,0,0,0
Struct,"_CREDENTIALW",git/contrib/credential/wincred/git-credential-wincred.c,0,0,1,0,0,0
Struct,"_CREDENTIAL_ATTRIBUTEW",git/contrib/credential/wincred/git-credential-wincred.c,0,0,0,0,0,0
Struct,"_obstack_chunk",git/compat/obstack.h,0,0,0,0,0,0
Struct,"_utimbuf",git/compat/vcbuild/include/sys/utime.h,0,0,0,0,0,0
Struct,"active_request_slot",git/http.h,0,0,1,0,0,0
Struct,"add_opts",git/builtin/worktree.c,0,0,0,0,0,0
Struct,"align",git/ref-filter.c,0,0,0,0,0,0
Struct,"all_attrs_item",git/attr.c,0,0,2,0,0,0
Struct,"all_refs_cb",git/revision.c,0,0,2,0,0,0
Struct,"alloc_state",git/alloc.c,0,0,0,0,0,0
Struct,"alt_base",git/http-walker.c,0,0,1,0,0,0
Struct,"alternate_object_cache",git/fetch-pack.c,0,0,1,0,0,0
Struct,"alternate_object_database",git/object-store.h,0,0,2,0,0,0
Struct,"alternate_refs_data",git/transport.c,0,0,0,0,0,0
Struct,"alternates_request",git/http-walker.c,0,0,3,0,0,0
Struct,"am_state",git/builtin/am.c,0,0,2,0,0,0
Struct,"anonymized_entry",git/builtin/fast-export.c,0,0,1,0,0,0
Union,"any_object",git/alloc.c,0,0,5,0,0,0
Struct,"apply_state",git/apply.h,0,0,3,0,0,0
Struct,"archiver",git/archive.h,0,0,0,0,0,0
Struct,"archiver_args",git/archive.h,0,0,3,0,0,0
Struct,"archiver_context",git/archive.c,0,0,2,0,0,0
Struct,"arg_item",git/trailer.c,0,0,2,0,0,0
Struct,"argv_array",git/argv-array.h,0,0,0,0,0,0
Struct,"async",git/run-command.h,0,0,0,0,0,0
Struct,"atfork_state",git/run-command.c,0,0,0,0,0,0
Struct,"atom_str",git/fast-import.c,0,0,0,0,0,0
Struct,"atom_value",git/ref-filter.c,0,0,1,0,0,0
Struct,"attr_check",git/attr.h,0,0,3,0,0,0
Struct,"attr_check_item",git/attr.h,0,0,1,0,0,0
Struct,"attr_hash_entry",git/attr.c,0,0,1,0,0,0
Struct,"attr_hashmap",git/attr.c,0,0,1,0,0,0
Struct,"attr_stack",git/attr.c,0,0,1,0,0,0
Struct,"attr_state",git/attr.c,0,0,1,0,0,0
Struct,"author_date_slab",git/commit.c,0,0,0,0,0,0
Struct,"avail_tree_content",git/fast-import.c,0,0,0,0,0,0
Struct,"base_data",git/builtin/index-pack.c,0,0,1,0,0,0
Struct,"base_tree_info",git/builtin/log.c,0,0,1,0,0,0
Struct,"batch_options",git/builtin/cat-file.c,0,0,0,0,0,0
Struct,"bidirectional_transfer_state",git/transport-helper.c,0,0,1,0,0,0
Struct,"bin_tree_storage_t",git/compat/regex/regex_internal.h,0,0,1,0,0,0
Struct,"bin_tree_t",git/compat/regex/regex_internal.h,0,0,1,0,0,0
Struct,"bitmap",git/ewah/ewok.h,0,0,0,0,0,0
Struct,"bitmap_disk_header",git/pack-bitmap.h,0,0,0,0,0,0
Struct,"bitmap_index",git/pack-bitmap.c,0,0,4,0,0,0
Public Struct,"bitmap_index::eindex",git/pack-bitmap.c,0,0,1,0,0,0
Struct,"bitmap_test_data",git/pack-bitmap.c,0,0,2,0,0,0
Struct,"bitmap_writer",git/pack-bitmap-write.c,0,0,4,0,0,0
Struct,"bitmapped_commit",git/pack-bitmap-write.c,0,0,2,0,0,0
Struct,"blame_chunk_cb_data",git/blame.c,0,0,2,0,0,0
Struct,"blame_entry",git/blame.h,0,0,1,0,0,0
Struct,"blame_list",git/blame.c,0,0,1,0,0,0
Struct,"blame_origin",git/blame.h,0,0,4,0,0,0
Struct,"blame_scoreboard",git/blame.h,0,0,4,0,0,0
Struct,"blob",git/blob.h,0,0,1,0,0,0
Struct,"branch",git/fast-import.c,0,0,2,0,0,0
Struct,"branch",git/remote.h,0,0,1,0,0,0
Struct,"branch_info",git/builtin/checkout.c,0,0,1,0,0,0
Struct,"branch_info",git/builtin/remote.c,0,0,1,0,0,0
Struct,"branches_for_remote",git/builtin/remote.c,0,0,3,0,0,0
Struct,"buffer",git/http.h,0,0,1,0,0,0
Struct,"buffer_slab",git/commit.c,0,0,1,0,0,0
Struct,"bulk_checkin_state",git/bulk-checkin.c,0,0,3,0,0,0
Struct,"bundle_header",git/bundle.h,0,0,1,0,0,0
Struct,"bundle_transport_data",git/transport.c,0,0,1,0,0,0
Struct,"cache_def",git/cache.h,0,0,1,0,0,0
Struct,"cache_entry",git/cache.h,0,0,3,0,0,0
Struct,"cache_header",git/cache.h,0,0,0,0,0,0
Struct,"cache_ref_iterator",git/refs/ref-cache.c,0,0,2,0,0,0
Struct,"cache_ref_iterator_level",git/refs/ref-cache.c,0,0,1,0,0,0
Struct,"cache_time",git/cache.h,0,0,0,0,0,0
Struct,"cache_tree",git/cache-tree.h,0,0,2,0,0,0
Struct,"cache_tree_sub",git/cache-tree.h,0,0,1,0,0,0
Struct,"cached_dir",git/dir.c,0,0,2,0,0,0
Struct,"cached_object",git/sha1-file.c,0,0,1,0,0,0
Struct,"cascade_filter",git/convert.c,0,0,1,0,0,0
Struct,"category_description",git/help.c,0,0,0,0,0,0
Struct,"chdir_notify_entry",git/chdir-notify.c,0,0,1,0,0,0
Struct,"check_connected_options",git/connected.h,0,0,1,0,0,0
Struct,"check_mergetag_data",git/builtin/replace.c,0,0,0,0,0,0
Struct,"check_vector",git/attr.c,0,0,1,0,0,0
Struct,"checkdiff_t",git/diff.c,0,0,1,0,0,0
Struct,"checkout",git/cache.h,0,0,2,0,0,0
Struct,"checkout_opts",git/builtin/checkout.c,0,0,3,0,0,0
Struct,"child",git/daemon.c,0,0,2,0,0,0
Struct,"child_err",git/run-command.c,0,0,0,0,0,0
Struct,"child_process",git/run-command.h,0,0,1,0,0,0
Struct,"child_to_clean",git/run-command.c,0,0,1,0,0,0
Struct,"chunk",git/pretty.c,0,0,0,0,0,0
Struct,"cmd2process",git/convert.c,0,0,1,0,0,0
Struct,"cmd_reflog_expire_cb",git/builtin/reflog.c,0,0,1,0,0,0
Struct,"cmd_struct",git/builtin/submodule--helper.c,0,0,0,0,0,0
Struct,"cmd_struct",git/git.c,0,0,0,0,0,0
Struct,"cmdnames",git/help.h,0,0,0,0,0,0
Public Struct,"cmdnames::cmdname",git/help.h,0,0,0,0,0,0
Struct,"cmt_fmt_map",git/pretty.c,0,0,0,0,0,0
Struct,"collect_changed_submodules_cb_data",git/submodule.c,0,0,2,0,0,0
Struct,"collect_diff_cbdata",git/line-log.c,0,0,1,0,0,0
Struct,"collect_reflog_cb",git/builtin/reflog.c,0,0,1,0,0,0
Struct,"collected_reflog",git/builtin/reflog.c,0,0,1,0,0,0
Struct,"collision_entry",git/merge-recursive.h,0,0,2,0,0,0
Struct,"colopt",git/column.c,0,0,0,0,0,0
Struct,"color",git/color.c,0,0,0,0,0,0
Struct,"color_field",git/builtin/blame.c,0,0,0,0,0,0
Struct,"column",git/graph.c,0,0,1,0,0,0
Struct,"column_data",git/column.c,0,0,2,0,0,0
Struct,"column_options",git/column.h,0,0,0,0,0,0
Struct,"combine_diff_path",git/diff.h,0,0,1,0,0,0
Public Struct,"combine_diff_path::combine_diff_parent",git/diff.h,0,0,1,0,0,0
Struct,"combine_diff_state",git/combine-diff.c,0,0,1,0,0,0
Struct,"command",git/t/helper/test-ref-store.c,0,0,0,0,0,0
Struct,"command",git/builtin/receive-pack.c,0,0,1,0,0,0
Struct,"commands",git/shell.c,0,0,0,0,0,0
Struct,"commit",git/commit.h,0,0,3,0,0,0
Struct,"commit_array",git/shallow.c,0,0,1,0,0,0
Struct,"commit_buffer",git/commit.c,0,0,0,0,0,0
Struct,"commit_dist",git/bisect.c,0,0,1,0,0,0
Struct,"commit_extra_header",git/commit.h,0,0,0,0,0,0
Struct,"commit_graft",git/commit.h,0,0,1,0,0,0
Struct,"commit_graph",git/commit-graph.h,0,0,1,0,0,0
Struct,"commit_info",git/builtin/blame.c,0,0,1,0,0,0
Struct,"commit_list",git/commit.h,0,0,1,0,0,0
Struct,"commit_message",git/sequencer.c,0,0,0,0,0,0
Struct,"commit_name",git/builtin/describe.c,0,0,3,0,0,0
Struct,"commit_name",git/builtin/show-branch.c,0,0,0,0,0,0
Struct,"commit_reflog",git/reflog-walk.c,0,0,1,0,0,0
Struct,"commit_stack",git/revision.c,0,0,1,0,0,0
Struct,"common_dir",git/path.c,0,0,0,0,0,0
Struct,"compare_data",git/builtin/index-pack.c,0,0,2,0,0,0
Struct,"complete_reflogs",git/reflog-walk.c,0,0,1,0,0,0
Public Struct,"complete_reflogs::reflog_info",git/reflog-walk.c,0,0,1,0,0,0
Struct,"conf_info",git/trailer.c,0,0,0,0,0,0
Struct,"config_alias_data",git/alias.c,0,0,1,0,0,0
Public Struct,"config_buf",git/config.c,0,0,0,0,0,0
Struct,"config_include_data",git/config.h,0,0,1,0,0,0
Struct,"config_options",git/config.h,0,0,0,0,0,0
Struct,"config_set",git/config.h,0,0,2,0,0,0
Struct,"config_set_element",git/config.h,0,0,2,0,0,0
Struct,"config_source",git/config.c,0,0,1,0,0,0
Struct,"config_store_data",git/config.c,0,0,1,0,0,0
Struct,"configset_list",git/config.h,0,0,1,0,0,0
Struct,"configset_list_item",git/config.h,0,0,1,0,0,0
Struct,"connectivity_progress",git/reachable.c,0,0,1,0,0,0
Struct,"contains_cache",git/ref-filter.c,0,0,0,0,0,0
Struct,"contains_stack",git/ref-filter.c,0,0,2,0,0,0
Public Struct,"contains_stack::contains_stack_entry",git/ref-filter.c,0,0,2,0,0,0
Struct,"conv_attrs",git/convert.c,0,0,1,0,0,0
Struct,"convert_driver",git/convert.c,0,0,0,0,0,0
Struct,"counted_string",git/remote.c,0,0,0,0,0,0
Struct,"create_tag_options",git/builtin/tag.c,0,0,0,0,0,0
Struct,"credential",git/contrib/credential/libsecret/git-credential-libsecret.c,0,0,0,0,0,0
Struct,"credential",git/credential.h,0,0,1,0,0,0
Struct,"credential",git/contrib/credential/gnome-keyring/git-credential-gnome-keyring.c,0,0,0,0,0,0
Struct,"credential_cache_entry",git/credential-cache--daemon.c,0,0,1,0,0,0
Struct,"credential_operation",git/contrib/credential/libsecret/git-credential-libsecret.c,0,0,0,0,0,0
Struct,"credential_operation",git/contrib/credential/gnome-keyring/git-credential-gnome-keyring.c,0,0,0,0,0,0
Struct,"credentials",git/daemon.c,0,0,1,0,0,0
Struct,"daemon_service",git/daemon.c,0,0,0,0,0,0
Struct,"date_mode",git/cache.h,0,0,0,0,0,0
Struct,"decoration",git/decorate.h,0,0,1,0,0,0
Struct,"decoration_entry",git/decorate.h,0,0,1,0,0,0
Struct,"decoration_filter",git/log-tree.h,0,0,1,0,0,0
Struct,"deinit_cb",git/builtin/submodule--helper.c,0,0,0,0,0,0
Struct,"delayed_checkout",git/convert.h,0,0,1,0,0,0
Struct,"delta_base_cache_entry",git/packfile.c,0,0,3,0,0,0
Struct,"delta_base_cache_key",git/packfile.c,0,0,1,0,0,0
Struct,"delta_index",git/diff-delta.c,0,0,1,0,0,0
Struct,"delta_info",git/builtin/unpack-objects.c,0,0,1,0,0,0
Struct,"dests_alloc",git/compat/regex/regexec.c,0,0,1,0,0,0
Struct,"diff_filepair",git/diffcore.h,0,0,1,0,0,0
Struct,"diff_filespec",git/diffcore.h,0,0,2,0,0,0
Struct,"diff_flags",git/diff.h,0,0,0,0,0,0
Struct,"diff_options",git/diff.h,0,0,4,0,0,0
Struct,"diff_queue_struct",git/diffcore.h,0,0,1,0,0,0
Struct,"diff_ranges",git/line-log.h,0,0,1,0,0,0
Struct,"diff_rename_dst",git/diffcore-rename.c,0,0,2,0,0,0
Struct,"diff_rename_src",git/diffcore-rename.c,0,0,1,0,0,0
Struct,"diff_score",git/diffcore-rename.c,0,0,0,0,0,0
Struct,"diff_tempfile",git/diff.c,0,0,1,0,0,0
Struct,"diff_words_buffer",git/diff.c,0,0,1,0,0,0
Public Struct,"diff_words_buffer::diff_words_orig",git/diff.c,0,0,0,0,0,0
Struct,"diff_words_data",git/diff.c,0,0,4,0,0,0
Struct,"diff_words_style",git/diff.c,0,0,1,0,0,0
Struct,"diff_words_style_elem",git/diff.c,0,0,0,0,0,0
Struct,"diffgrep_cb",git/diffcore-pickaxe.c,0,0,1,0,0,0
Struct,"diffstat_t",git/diff.c,0,0,0,0,0,0
Public Struct,"diffstat_t::diffstat_file",git/diff.c,0,0,0,0,0,0
Struct,"dir_entry",git/name-hash.c,0,0,1,0,0,0
Struct,"dir_entry",git/t/helper/test-lazy-init-name-hash.c,0,0,2,0,0,0
Struct,"dir_entry",git/dir.h,0,0,0,0,0,0
Struct,"dir_iterator",git/dir-iterator.h,0,0,2,0,0,0
Struct,"dir_iterator_int",git/dir-iterator.c,0,0,2,0,0,0
Struct,"dir_iterator_level",git/dir-iterator.c,0,0,0,0,0,0
Struct,"dir_rename_entry",git/merge-recursive.h,0,0,3,0,0,0
Struct,"dir_state",git/tree-walk.c,0,0,1,0,0,0
Struct,"dir_struct",git/dir.h,0,0,7,0,0,0
Struct,"directory",git/archive.c,0,0,1,0,0,0
Struct,"dirent",git/compat/win32/dirent.h,0,0,0,0,0,0
Struct,"dirent_prec_psx",git/compat/precompose_utf8.h,0,0,0,0,0,0
Struct,"dirstat_dir",git/diff.c,0,0,1,0,0,0
Struct,"dirstat_file",git/diff.c,0,0,0,0,0,0
Struct,"disambiguate_state",git/sha1-name.c,0,0,1,0,0,0
Struct,"discovery",git/remote-curl.c,0,0,2,0,0,0
Struct,"display_notes_opt",git/notes.h,0,0,1,0,0,0
Struct,"emit_callback",git/diff.c,0,0,3,0,0,0
Struct,"emitted_diff_symbol",git/diff.c,0,0,0,0,0,0
Struct,"emitted_diff_symbols",git/diff.c,0,0,1,0,0,0
Struct,"empty_ref_iterator",git/refs/iterator.c,0,0,1,0,0,0
Struct,"ewah_bitmap",git/ewah/ewok.h,0,0,0,0,0,0
Struct,"ewah_iterator",git/ewah/ewok.h,0,0,0,0,0,0
Struct,"exclude",git/dir.h,0,0,1,0,0,0
Struct,"exclude_list",git/dir.h,0,0,1,0,0,0
Struct,"exclude_list_group",git/dir.h,0,0,1,0,0,0
Struct,"exclude_stack",git/dir.h,0,0,1,0,0,0
Struct,"expand_data",git/builtin/cat-file.c,0,0,2,0,0,0
Struct,"expand_path_context",git/daemon.c,0,0,1,0,0,0
Struct,"expire_reflog_cb",git/refs/files-backend.c,0,0,1,0,0,0
Struct,"expire_reflog_policy_cb",git/builtin/reflog.c,0,0,3,0,0,0
Struct,"fetch_pack_args",git/fetch-pack.h,0,0,2,0,0,0
Struct,"ff_regs",git/xdiff-interface.c,0,0,1,0,0,0
Public Struct,"ff_regs::ff_reg",git/xdiff-interface.c,0,0,1,0,0,0
Struct,"file_similarity",git/diffcore-rename.c,0,0,2,0,0,0
Struct,"files_ref_iterator",git/refs/files-backend.c,0,0,1,0,0,0
Struct,"files_ref_store",git/refs/files-backend.c,0,0,2,0,0,0
Struct,"files_reflog_iterator",git/refs/files-backend.c,0,0,4,0,0,0
Struct,"files_transaction_backend_data",git/refs/files-backend.c,0,0,1,0,0,0
Struct,"filter_blobs_limit_data",git/list-objects-filter.c,0,0,1,0,0,0
Struct,"filter_blobs_none_data",git/list-objects-filter.c,0,0,1,0,0,0
Struct,"filter_params",git/convert.c,0,0,0,0,0,0
Struct,"filter_sparse_data",git/list-objects-filter.c,0,0,3,0,0,0
Struct,"filtered_istream",git/streaming.c,0,0,2,0,0,0
Struct,"fmt_merge_msg_opts",git/builtin.h,0,0,0,0,0,0
Struct,"format_commit_context",git/pretty.c,0,0,4,0,0,0
Struct,"fragment",git/apply.c,0,0,0,0,0,0
Struct,"frame",git/list-objects-filter.c,0,0,0,0,0,0
Struct,"fsck_gitmodules_data",git/fsck.c,0,0,2,0,0,0
Struct,"fsck_options",git/fsck.h,0,0,2,0,0,0
Struct,"func_line",git/xdiff/xemit.c,0,0,0,0,0,0
File,"git/abspath.c",git/abspath.c,,,,,,40
File,"git/advice.c",git/advice.c,,,,,,27
File,"git/advice.h",git/advice.h,,,,,,0
File,"git/alias.c",git/alias.c,,,,,,25
File,"git/alias.h",git/alias.h,,,,,,0
File,"git/alloc.c",git/alloc.c,,,,,,10
File,"git/apply.c",git/apply.c,,,,,,847
File,"git/apply.h",git/apply.h,,,,,,0
File,"git/archive-tar.c",git/archive-tar.c,,,,,,77
File,"git/archive-zip.c",git/archive-zip.c,,,,,,79
File,"git/archive.c",git/archive.c,,,,,,86
File,"git/archive.h",git/archive.h,,,,,,0
File,"git/argv-array.c",git/argv-array.c,,,,,,25
File,"git/argv-array.h",git/argv-array.h,,,,,,0
File,"git/attr.c",git/attr.c,,,,,,172
File,"git/attr.h",git/attr.h,,,,,,0
File,"git/base85.c",git/base85.c,,,,,,22
File,"git/bisect.c",git/bisect.c,,,,,,173
File,"git/bisect.h",git/bisect.h,,,,,,0
File,"git/blame.c",git/blame.c,,,,,,275
File,"git/blame.h",git/blame.h,,,,,,2
File,"git/blob.c",git/blob.c,,,,,,3
File,"git/blob.h",git/blob.h,,,,,,0
File,"git/block-sha1/sha1.c",git/block-sha1/sha1.c,,,,,,91
File,"git/block-sha1/sha1.h",git/block-sha1/sha1.h,,,,,,0
File,"git/branch.c",git/branch.c,,,,,,77
File,"git/branch.h",git/branch.h,,,,,,0
File,"git/builtin.h",git/builtin.h,,,,,,0
File,"git/builtin/add.c",git/builtin/add.c,,,,,,95
File,"git/builtin/am.c",git/builtin/am.c,,,,,,351
File,"git/builtin/annotate.c",git/builtin/annotate.c,,,,,,2
File,"git/builtin/apply.c",git/builtin/apply.c,,,,,,3
File,"git/builtin/archive.c",git/builtin/archive.c,,,,,,17
File,"git/builtin/bisect--helper.c",git/builtin/bisect--helper.c,,,,,,30
File,"git/builtin/blame.c",git/builtin/blame.c,,,,,,170
File,"git/builtin/branch.c",git/builtin/branch.c,,,,,,140
File,"git/builtin/bundle.c",git/builtin/bundle.c,,,,,,12
File,"git/builtin/cat-file.c",git/builtin/cat-file.c,,,,,,115
File,"git/builtin/check-attr.c",git/builtin/check-attr.c,,,,,,36
File,"git/builtin/check-ignore.c",git/builtin/check-ignore.c,,,,,,31
File,"git/builtin/check-mailmap.c",git/builtin/check-mailmap.c,,,,,,8
File,"git/builtin/check-ref-format.c",git/builtin/check-ref-format.c,,,,,,17
File,"git/builtin/checkout-index.c",git/builtin/checkout-index.c,,,,,,50
File,"git/builtin/checkout.c",git/builtin/checkout.c,,,,,,196
File,"git/builtin/clean.c",git/builtin/clean.c,,,,,,170
File,"git/builtin/clone.c",git/builtin/clone.c,,,,,,204
File,"git/builtin/column.c",git/builtin/column.c,,,,,,7
File,"git/builtin/commit-graph.c",git/builtin/commit-graph.c,,,,,,23
File,"git/builtin/commit-tree.c",git/builtin/commit-tree.c,,,,,,28
File,"git/builtin/commit.c",git/builtin/commit.c,,,,,,314
File,"git/builtin/config.c",git/builtin/config.c,,,,,,170
File,"git/builtin/count-objects.c",git/builtin/count-objects.c,,,,,,25
File,"git/builtin/credential.c",git/builtin/credential.c,,,,,,6
File,"git/builtin/describe.c",git/builtin/describe.c,,,,,,120
File,"git/builtin/diff-files.c",git/builtin/diff-files.c,,,,,,11
File,"git/builtin/diff-index.c",git/builtin/diff-index.c,,,,,,10
File,"git/builtin/diff-tree.c",git/builtin/diff-tree.c,,,,,,35
File,"git/builtin/diff.c",git/builtin/diff.c,,,,,,86
File,"git/builtin/difftool.c",git/builtin/difftool.c,,,,,,107
File,"git/builtin/fast-export.c",git/builtin/fast-export.c,,,,,,188
File,"git/builtin/fetch-pack.c",git/builtin/fetch-pack.c,,,,,,54
File,"git/builtin/fetch.c",git/builtin/fetch.c,,,,,,270
File,"git/builtin/fmt-merge-msg.c",git/builtin/fmt-merge-msg.c,,,,,,125
File,"git/builtin/for-each-ref.c",git/builtin/for-each-ref.c,,,,,,7
File,"git/builtin/fsck.c",git/builtin/fsck.c,,,,,,141
File,"git/builtin/gc.c",git/builtin/gc.c,,,,,,100
File,"git/builtin/get-tar-commit-id.c",git/builtin/get-tar-commit-id.c,,,,,,7
File,"git/builtin/grep.c",git/builtin/grep.c,,,,,,152
File,"git/builtin/hash-object.c",git/builtin/hash-object.c,,,,,,29
File,"git/builtin/help.c",git/builtin/help.c,,,,,,85
File,"git/builtin/index-pack.c",git/builtin/index-pack.c,,,,,,341
File,"git/builtin/init-db.c",git/builtin/init-db.c,,,,,,90
File,"git/builtin/interpret-trailers.c",git/builtin/interpret-trailers.c,,,,,,14
File,"git/builtin/log.c",git/builtin/log.c,,,,,,338
File,"git/builtin/ls-files.c",git/builtin/ls-files.c,,,,,,110
File,"git/builtin/ls-remote.c",git/builtin/ls-remote.c,,,,,,26
File,"git/builtin/ls-tree.c",git/builtin/ls-tree.c,,,,,,27
File,"git/builtin/mailinfo.c",git/builtin/mailinfo.c,,,,,,12
File,"git/builtin/mailsplit.c",git/builtin/mailsplit.c,,,,,,68
File,"git/builtin/merge-base.c",git/builtin/merge-base.c,,,,,,49
File,"git/builtin/merge-file.c",git/builtin/merge-file.c,,,,,,19
File,"git/builtin/merge-index.c",git/builtin/merge-index.c,,,,,,22
File,"git/builtin/merge-ours.c",git/builtin/merge-ours.c,,,,,,4
File,"git/builtin/merge-recursive.c",git/builtin/merge-recursive.c,,,,,,17
File,"git/builtin/merge-tree.c",git/builtin/merge-tree.c,,,,,,61
File,"git/builtin/merge.c",git/builtin/merge.c,,,,,,269
File,"git/builtin/mktag.c",git/builtin/mktag.c,,,,,,27
File,"git/builtin/mktree.c",git/builtin/mktree.c,,,,,,28
File,"git/builtin/mv.c",git/builtin/mv.c,,,,,,56
File,"git/builtin/name-rev.c",git/builtin/name-rev.c,,,,,,87
File,"git/builtin/notes.c",git/builtin/notes.c,,,,,,147
File,"git/builtin/pack-objects.c",git/builtin/pack-objects.c,,,,,,544
File,"git/builtin/pack-redundant.c",git/builtin/pack-redundant.c,,,,,,127
File,"git/builtin/pack-refs.c",git/builtin/pack-refs.c,,,,,,2
File,"git/builtin/patch-id.c",git/builtin/patch-id.c,,,,,,37
File,"git/builtin/prune-packed.c",git/builtin/prune-packed.c,,,,,,9
File,"git/builtin/prune.c",git/builtin/prune.c,,,,,,29
File,"git/builtin/pull.c",git/builtin/pull.c,,,,,,152
File,"git/builtin/push.c",git/builtin/push.c,,,,,,126
File,"git/builtin/read-tree.c",git/builtin/read-tree.c,,,,,,41
File,"git/builtin/rebase--helper.c",git/builtin/rebase--helper.c,,,,,,15
File,"git/builtin/receive-pack.c",git/builtin/receive-pack.c,,,,,,354
File,"git/builtin/reflog.c",git/builtin/reflog.c,,,,,,147
File,"git/builtin/remote-ext.c",git/builtin/remote-ext.c,,,,,,40
File,"git/builtin/remote-fd.c",git/builtin/remote-fd.c,,,,,,13
File,"git/builtin/remote.c",git/builtin/remote.c,,,,,,266
File,"git/builtin/repack.c",git/builtin/repack.c,,,,,,74
File,"git/builtin/replace.c",git/builtin/replace.c,,,,,,94
File,"git/builtin/rerere.c",git/builtin/rerere.c,,,,,,23
File,"git/builtin/reset.c",git/builtin/reset.c,,,,,,68
File,"git/builtin/rev-list.c",git/builtin/rev-list.c,,,,,,104
File,"git/builtin/rev-parse.c",git/builtin/rev-parse.c,,,,,,212
File,"git/builtin/revert.c",git/builtin/revert.c,,,,,,39
File,"git/builtin/rm.c",git/builtin/rm.c,,,,,,63
File,"git/builtin/send-pack.c",git/builtin/send-pack.c,,,,,,48
File,"git/builtin/serve.c",git/builtin/serve.c,,,,,,1
File,"git/builtin/shortlog.c",git/builtin/shortlog.c,,,,,,65
File,"git/builtin/show-branch.c",git/builtin/show-branch.c,,,,,,174
File,"git/builtin/show-ref.c",git/builtin/show-ref.c,,,,,,43
File,"git/builtin/stripspace.c",git/builtin/stripspace.c,,,,,,6
File,"git/builtin/submodule--helper.c",git/builtin/submodule--helper.c,,,,,,256
File,"git/builtin/symbolic-ref.c",git/builtin/symbolic-ref.c,,,,,,15
File,"git/builtin/tag.c",git/builtin/tag.c,,,,,,101
File,"git/builtin/unpack-file.c",git/builtin/unpack-file.c,,,,,,6
File,"git/builtin/unpack-objects.c",git/builtin/unpack-objects.c,,,,,,100
File,"git/builtin/update-index.c",git/builtin/update-index.c,,,,,,188
File,"git/builtin/update-ref.c",git/builtin/update-ref.c,,,,,,79
File,"git/builtin/update-server-info.c",git/builtin/update-server-info.c,,,,,,2
File,"git/builtin/upload-archive.c",git/builtin/upload-archive.c,,,,,,22
File,"git/builtin/upload-pack.c",git/builtin/upload-pack.c,,,,,,9
File,"git/builtin/var.c",git/builtin/var.c,,,,,,16
File,"git/builtin/verify-commit.c",git/builtin/verify-commit.c,,,,,,12
File,"git/builtin/verify-pack.c",git/builtin/verify-pack.c,,,,,,11
File,"git/builtin/verify-tag.c",git/builtin/verify-tag.c,,,,,,11
File,"git/builtin/worktree.c",git/builtin/worktree.c,,,,,,153
File,"git/builtin/write-tree.c",git/builtin/write-tree.c,,,,,,5
File,"git/bulk-checkin.c",git/bulk-checkin.c,,,,,,46
File,"git/bulk-checkin.h",git/bulk-checkin.h,,,,,,0
File,"git/bundle.c",git/bundle.c,,,,,,88
File,"git/bundle.h",git/bundle.h,,,,,,0
File,"git/cache-tree.c",git/cache-tree.c,,,,,,120
File,"git/cache-tree.h",git/cache-tree.h,,,,,,0
File,"git/cache.h",git/cache.h,,,,,,44
File,"git/chdir-notify.c",git/chdir-notify.c,,,,,,15
File,"git/chdir-notify.h",git/chdir-notify.h,,,,,,0
File,"git/check-racy.c",git/check-racy.c,,,,,,5
File,"git/checkout.c",git/checkout.c,,,,,,5
File,"git/checkout.h",git/checkout.h,,,,,,0
File,"git/color.c",git/color.c,,,,,,91
File,"git/color.h",git/color.h,,,,,,0
File,"git/column.c",git/column.c,,,,,,80
File,"git/column.h",git/column.h,,,,,,1
File,"git/combine-diff.c",git/combine-diff.c,,,,,,263
File,"git/commit-graph.c",git/commit-graph.c,,,,,,126
File,"git/commit-graph.h",git/commit-graph.h,,,,,,0
File,"git/commit-slab.h",git/commit-slab.h,,,,,,0
File,"git/commit.c",git/commit.c,,,,,,369
File,"git/commit.h",git/commit.h,,,,,,1
File,"git/common-main.c",git/common-main.c,,,,,,2
File,"git/compat/apple-common-crypto.h",git/compat/apple-common-crypto.h,,,,,,1
File,"git/compat/basename.c",git/compat/basename.c,,,,,,18
File,"git/compat/bswap.h",git/compat/bswap.h,,,,,,6
File,"git/compat/cygwin.c",git/compat/cygwin.c,,,,,,4
File,"git/compat/cygwin.h",git/compat/cygwin.h,,,,,,0
File,"git/compat/fopen.c",git/compat/fopen.c,,,,,,5
File,"git/compat/gmtime.c",git/compat/gmtime.c,,,,,,3
File,"git/compat/hstrerror.c",git/compat/hstrerror.c,,,,,,5
File,"git/compat/inet_ntop.c",git/compat/inet_ntop.c,,,,,,24
File,"git/compat/inet_pton.c",git/compat/inet_pton.c,,,,,,29
File,"git/compat/memmem.c",git/compat/memmem.c,,,,,,5
File,"git/compat/mingw.c",git/compat/mingw.c,,,,,,509
File,"git/compat/mingw.h",git/compat/mingw.h,,,,,,33
File,"git/compat/mkdir.c",git/compat/mkdir.c,,,,,,4
File,"git/compat/mkdtemp.c",git/compat/mkdtemp.c,,,,,,2
File,"git/compat/mmap.c",git/compat/mmap.c,,,,,,7
File,"git/compat/msvc.c",git/compat/msvc.c,,,,,,0
File,"git/compat/msvc.h",git/compat/msvc.h,,,,,,0
File,"git/compat/nedmalloc/malloc.c.h",git/compat/nedmalloc/malloc.c.h,,,,,,545
File,"git/compat/nedmalloc/nedmalloc.c",git/compat/nedmalloc/nedmalloc.c,,,,,,177
File,"git/compat/nedmalloc/nedmalloc.h",git/compat/nedmalloc/nedmalloc.h,,,,,,0
File,"git/compat/obstack.c",git/compat/obstack.c,,,,,,0
File,"git/compat/obstack.h",git/compat/obstack.h,,,,,,0
File,"git/compat/poll/poll.c",git/compat/poll/poll.c,,,,,,25
File,"git/compat/poll/poll.h",git/compat/poll/poll.h,,,,,,0
File,"git/compat/pread.c",git/compat/pread.c,,,,,,3
File,"git/compat/precompose_utf8.c",git/compat/precompose_utf8.c,,,,,,16
File,"git/compat/precompose_utf8.h",git/compat/precompose_utf8.h,,,,,,0
File,"git/compat/qsort.c",git/compat/qsort.c,,,,,,7
File,"git/compat/qsort_s.c",git/compat/qsort_s.c,,,,,,9
File,"git/compat/regex/regcomp.c",git/compat/regex/regcomp.c,,,,,,551
File,"git/compat/regex/regex.c",git/compat/regex/regex.c,,,,,,0
File,"git/compat/regex/regex.h",git/compat/regex/regex.h,,,,,,0
File,"git/compat/regex/regex_internal.c",git/compat/regex/regex_internal.c,,,,,,188
File,"git/compat/regex/regex_internal.h",git/compat/regex/regex_internal.h,,,,,,6
File,"git/compat/regex/regexec.c",git/compat/regex/regexec.c,,,,,,589
File,"git/compat/setenv.c",git/compat/setenv.c,,,,,,5
File,"git/compat/sha1-chunked.c",git/compat/sha1-chunked.c,,,,,,3
File,"git/compat/sha1-chunked.h",git/compat/sha1-chunked.h,,,,,,0
File,"git/compat/snprintf.c",git/compat/snprintf.c,,,,,,9
File,"git/compat/stat.c",git/compat/stat.c,,,,,,14
File,"git/compat/strcasestr.c",git/compat/strcasestr.c,,,,,,4
File,"git/compat/strdup.c",git/compat/strdup.c,,,,,,2
File,"git/compat/strlcpy.c",git/compat/strlcpy.c,,,,,,3
File,"git/compat/strtoimax.c",git/compat/strtoimax.c,,,,,,1
File,"git/compat/strtoumax.c",git/compat/strtoumax.c,,,,,,1
File,"git/compat/terminal.c",git/compat/terminal.c,,,,,,1
File,"git/compat/terminal.h",git/compat/terminal.h,,,,,,0
File,"git/compat/unsetenv.c",git/compat/unsetenv.c,,,,,,4
File,"git/compat/vcbuild/include/sys/param.h",git/compat/vcbuild/include/sys/param.h,,,,,,0
File,"git/compat/vcbuild/include/sys/time.h",git/compat/vcbuild/include/sys/time.h,,,,,,0
File,"git/compat/vcbuild/include/sys/utime.h",git/compat/vcbuild/include/sys/utime.h,,,,,,0
File,"git/compat/vcbuild/include/unistd.h",git/compat/vcbuild/include/unistd.h,,,,,,0
File,"git/compat/vcbuild/include/utime.h",git/compat/vcbuild/include/utime.h,,,,,,0
File,"git/compat/win32.h",git/compat/win32.h,,,,,,11
File,"git/compat/win32/alloca.h",git/compat/win32/alloca.h,,,,,,0
File,"git/compat/win32/dirent.c",git/compat/win32/dirent.c,,,,,,14
File,"git/compat/win32/dirent.h",git/compat/win32/dirent.h,,,,,,0
File,"git/compat/win32/lazyload.h",git/compat/win32/lazyload.h,,,,,,4
File,"git/compat/win32/pthread.c",git/compat/win32/pthread.c,,,,,,19
File,"git/compat/win32/pthread.h",git/compat/win32/pthread.h,,,,,,10
File,"git/compat/win32/syslog.c",git/compat/win32/syslog.c,,,,,,17
File,"git/compat/win32/syslog.h",git/compat/win32/syslog.h,,,,,,0
File,"git/compat/win32mmap.c",git/compat/win32mmap.c,,,,,,11
File,"git/compat/winansi.c",git/compat/winansi.c,,,,,,109
File,"git/config.c",git/config.c,,,,,,639
File,"git/config.h",git/config.h,,,,,,0
File,"git/connect.c",git/connect.c,,,,,,237
File,"git/connect.h",git/connect.h,,,,,,0
File,"git/connected.c",git/connected.c,,,,,,15
File,"git/connected.h",git/connected.h,,,,,,0
File,"git/contrib/credential/gnome-keyring/git-credential-gnome-keyring.c",git/contrib/credential/gnome-keyring/git-credential-gnome-keyring.c,,,,,,54
File,"git/contrib/credential/libsecret/git-credential-libsecret.c",git/contrib/credential/libsecret/git-credential-libsecret.c,,,,,,49
File,"git/contrib/credential/osxkeychain/git-credential-osxkeychain.c",git/contrib/credential/osxkeychain/git-credential-osxkeychain.c,,,,,,47
File,"git/contrib/credential/wincred/git-credential-wincred.c",git/contrib/credential/wincred/git-credential-wincred.c,,,,,,55
File,"git/contrib/svn-fe/svn-fe.c",git/contrib/svn-fe/svn-fe.c,,,,,,3
File,"git/convert.c",git/convert.c,,,,,,347
File,"git/convert.h",git/convert.h,,,,,,1
File,"git/copy.c",git/copy.c,,,,,,18
File,"git/credential-cache--daemon.c",git/credential-cache--daemon.c,,,,,,52
File,"git/credential-cache.c",git/credential-cache.c,,,,,,26
File,"git/credential-store.c",git/credential-store.c,,,,,,38
File,"git/credential.c",git/credential.c,,,,,,75
File,"git/credential.h",git/credential.h,,,,,,0
File,"git/csum-file.c",git/csum-file.c,,,,,,37
File,"git/csum-file.h",git/csum-file.h,,,,,,2
File,"git/ctype.c",git/ctype.c,,,,,,0
File,"git/daemon.c",git/daemon.c,,,,,,225
File,"git/date.c",git/date.c,,,,,,222
File,"git/decorate.c",git/decorate.c,,,,,,16
File,"git/decorate.h",git/decorate.h,,,,,,0
File,"git/delta.h",git/delta.h,,,,,,4
File,"git/diff-delta.c",git/diff-delta.c,,,,,,60
File,"git/diff-lib.c",git/diff-lib.c,,,,,,75
File,"git/diff-no-index.c",git/diff-no-index.c,,,,,,47
File,"git/diff.c",git/diff.c,,,,,,1180
File,"git/diff.h",git/diff.h,,,,,,2
File,"git/diffcore-break.c",git/diffcore-break.c,,,,,,36
File,"git/diffcore-delta.c",git/diffcore-delta.c,,,,,,38
File,"git/diffcore-order.c",git/diffcore-order.c,,,,,,26
File,"git/diffcore-pickaxe.c",git/diffcore-pickaxe.c,,,,,,45
File,"git/diffcore-rename.c",git/diffcore-rename.c,,,,,,117
File,"git/diffcore.h",git/diffcore.h,,,,,,0
File,"git/dir-iterator.c",git/dir-iterator.c,,,,,,28
File,"git/dir-iterator.h",git/dir-iterator.h,,,,,,0
File,"git/dir.c",git/dir.c,,,,,,530
File,"git/dir.h",git/dir.h,,,,,,4
File,"git/editor.c",git/editor.c,,,,,,18
File,"git/entry.c",git/entry.c,,,,,,88
File,"git/environment.c",git/environment.c,,,,,,56
File,"git/ewah/bitmap.c",git/ewah/bitmap.c,,,,,,39
File,"git/ewah/ewah_bitmap.c",git/ewah/ewah_bitmap.c,,,,,,127
File,"git/ewah/ewah_io.c",git/ewah/ewah_io.c,,,,,,35
File,"git/ewah/ewah_rlw.c",git/ewah/ewah_rlw.c,,,,,,15
File,"git/ewah/ewok.h",git/ewah/ewok.h,,,,,,8
File,"git/ewah/ewok_rlw.h",git/ewah/ewok_rlw.h,,,,,,12
File,"git/exec-cmd.c",git/exec-cmd.c,,,,,,22
File,"git/exec-cmd.h",git/exec-cmd.h,,,,,,0
File,"git/fast-import.c",git/fast-import.c,,,,,,592
File,"git/fetch-object.c",git/fetch-object.c,,,,,,5
File,"git/fetch-object.h",git/fetch-object.h,,,,,,0
File,"git/fetch-pack.c",git/fetch-pack.c,,,,,,325
File,"git/fetch-pack.h",git/fetch-pack.h,,,,,,0
File,"git/fmt-merge-msg.h",git/fmt-merge-msg.h,,,,,,0
File,"git/fsck.c",git/fsck.c,,,,,,214
File,"git/fsck.h",git/fsck.h,,,,,,0
File,"git/fsmonitor.c",git/fsmonitor.c,,,,,,55
File,"git/fsmonitor.h",git/fsmonitor.h,,,,,,8
File,"git/gettext.c",git/gettext.c,,,,,,13
File,"git/gettext.h",git/gettext.h,,,,,,5
File,"git/git-compat-util.h",git/git-compat-util.h,,,,,,49
File,"git/git.c",git/git.c,,,,,,142
File,"git/gpg-interface.c",git/gpg-interface.c,,,,,,40
File,"git/gpg-interface.h",git/gpg-interface.h,,,,,,0
File,"git/graph.c",git/graph.c,,,,,,186
File,"git/graph.h",git/graph.h,,,,,,0
File,"git/grep.c",git/grep.c,,,,,,390
File,"git/grep.h",git/grep.h,,,,,,4
File,"git/hash.h",git/hash.h,,,,,,0
File,"git/hashmap.c",git/hashmap.c,,,,,,53
File,"git/hashmap.h",git/hashmap.h,,,,,,11
File,"git/help.c",git/help.c,,,,,,108
File,"git/help.h",git/help.h,,,,,,2
File,"git/hex.c",git/hex.c,,,,,,14
File,"git/http-backend.c",git/http-backend.c,,,,,,116
File,"git/http-fetch.c",git/http-fetch.c,,,,,,15
File,"git/http-push.c",git/http-push.c,,,,,,261
File,"git/http-walker.c",git/http-walker.c,,,,,,83
File,"git/http.c",git/http.c,,,,,,318
File,"git/http.h",git/http.h,,,,,,1
File,"git/ident.c",git/ident.c,,,,,,95
File,"git/imap-send.c",git/imap-send.c,,,,,,254
File,"git/iterator.h",git/iterator.h,,,,,,0
File,"git/khash.h",git/khash.h,,,,,,93
File,"git/kwset.c",git/kwset.c,,,,,,143
File,"git/kwset.h",git/kwset.h,,,,,,0
File,"git/levenshtein.c",git/levenshtein.c,,,,,,7
File,"git/levenshtein.h",git/levenshtein.h,,,,,,0
File,"git/line-log.c",git/line-log.c,,,,,,240
File,"git/line-log.h",git/line-log.h,,,,,,0
File,"git/line-range.c",git/line-range.c,,,,,,61
File,"git/line-range.h",git/line-range.h,,,,,,0
File,"git/list-objects-filter-options.c",git/list-objects-filter-options.c,,,,,,18
File,"git/list-objects-filter-options.h",git/list-objects-filter-options.h,,,,,,1
File,"git/list-objects-filter.c",git/list-objects-filter.c,,,,,,71
File,"git/list-objects-filter.h",git/list-objects-filter.h,,,,,,0
File,"git/list-objects.c",git/list-objects.c,,,,,,59
File,"git/list-objects.h",git/list-objects.h,,,,,,0
File,"git/list.h",git/list.h,,,,,,15
File,"git/ll-merge.c",git/ll-merge.c,,,,,,63
File,"git/ll-merge.h",git/ll-merge.h,,,,,,0
File,"git/lockfile.c",git/lockfile.c,,,,,,30
File,"git/lockfile.h",git/lockfile.h,,,,,,10
File,"git/log-tree.c",git/log-tree.c,,,,,,155
File,"git/log-tree.h",git/log-tree.h,,,,,,0
File,"git/ls-refs.c",git/ls-refs.c,,,,,,15
File,"git/ls-refs.h",git/ls-refs.h,,,,,,0
File,"git/mailinfo.c",git/mailinfo.c,,,,,,224
File,"git/mailinfo.h",git/mailinfo.h,,,,,,0
File,"git/mailmap.c",git/mailmap.c,,,,,,59
File,"git/mailmap.h",git/mailmap.h,,,,,,0
File,"git/match-trees.c",git/match-trees.c,,,,,,51
File,"git/mem-pool.c",git/mem-pool.c,,,,,,8
File,"git/mem-pool.h",git/mem-pool.h,,,,,,0
File,"git/merge-blobs.c",git/merge-blobs.c,,,,,,14
File,"git/merge-blobs.h",git/merge-blobs.h,,,,,,0
File,"git/merge-recursive.c",git/merge-recursive.c,,,,,,492
File,"git/merge-recursive.h",git/merge-recursive.h,,,,,,3
File,"git/merge.c",git/merge.c,,,,,,22
File,"git/mergesort.c",git/mergesort.c,,,,,,15
File,"git/mergesort.h",git/mergesort.h,,,,,,0
File,"git/name-hash.c",git/name-hash.c,,,,,,96
File,"git/notes-cache.c",git/notes-cache.c,,,,,,15
File,"git/notes-cache.h",git/notes-cache.h,,,,,,0
File,"git/notes-merge.c",git/notes-merge.c,,,,,,200
File,"git/notes-merge.h",git/notes-merge.h,,,,,,0
File,"git/notes-utils.c",git/notes-utils.c,,,,,,39
File,"git/notes-utils.h",git/notes-utils.h,,,,,,0
File,"git/notes.c",git/notes.c,,,,,,236
File,"git/notes.h",git/notes.h,,,,,,0
File,"git/object-store.h",git/object-store.h,,,,,,0
File,"git/object.c",git/object.c,,,,,,101
File,"git/object.h",git/object.h,,,,,,0
File,"git/oidmap.c",git/oidmap.c,,,,,,12
File,"git/oidmap.h",git/oidmap.h,,,,,,3
File,"git/oidset.c",git/oidset.c,,,,,,7
File,"git/oidset.h",git/oidset.h,,,,,,5
File,"git/pack-bitmap-write.c",git/pack-bitmap-write.c,,,,,,80
File,"git/pack-bitmap.c",git/pack-bitmap.c,,,,,,152
File,"git/pack-bitmap.h",git/pack-bitmap.h,,,,,,0
File,"git/pack-check.c",git/pack-check.c,,,,,,29
File,"git/pack-objects.c",git/pack-objects.c,,,,,,25
File,"git/pack-objects.h",git/pack-objects.h,,,,,,42
File,"git/pack-revindex.c",git/pack-revindex.c,,,,,,20
File,"git/pack-revindex.h",git/pack-revindex.h,,,,,,0
File,"git/pack-write.c",git/pack-write.c,,,,,,59
File,"git/pack.h",git/pack.h,,,,,,0
File,"git/packfile.c",git/packfile.c,,,,,,337
File,"git/packfile.h",git/packfile.h,,,,,,0
File,"git/pager.c",git/pager.c,,,,,,35
File,"git/parse-options-cb.c",git/parse-options-cb.c,,,,,,49
File,"git/parse-options.c",git/parse-options.c,,,,,,192
File,"git/parse-options.h",git/parse-options.h,,,,,,0
File,"git/patch-delta.c",git/patch-delta.c,,,,,,17
File,"git/patch-ids.c",git/patch-ids.c,,,,,,17
File,"git/patch-ids.h",git/patch-ids.h,,,,,,0
File,"git/path.c",git/path.c,,,,,,275
File,"git/path.h",git/path.h,,,,,,0
File,"git/pathspec.c",git/pathspec.c,,,,,,114
File,"git/pathspec.h",git/pathspec.h,,,,,,4
File,"git/pkt-line.c",git/pkt-line.c,,,,,,89
File,"git/pkt-line.h",git/pkt-line.h,,,,,,0
File,"git/ppc/sha1.c",git/ppc/sha1.c,,,,,,10
File,"git/ppc/sha1.h",git/ppc/sha1.h,,,,,,0
File,"git/preload-index.c",git/preload-index.c,,,,,,25
File,"git/pretty.c",git/pretty.c,,,,,,381
File,"git/pretty.h",git/pretty.h,,,,,,1
File,"git/prio-queue.c",git/prio-queue.c,,,,,,23
File,"git/prio-queue.h",git/prio-queue.h,,,,,,0
File,"git/progress.c",git/progress.c,,,,,,33
File,"git/progress.h",git/progress.h,,,,,,0
File,"git/prompt.c",git/prompt.c,,,,,,13
File,"git/prompt.h",git/prompt.h,,,,,,0
File,"git/protocol.c",git/protocol.c,,,,,,16
File,"git/protocol.h",git/protocol.h,,,,,,0
File,"git/quote.c",git/quote.c,,,,,,137
File,"git/quote.h",git/quote.h,,,,,,0
File,"git/reachable.c",git/reachable.c,,,,,,28
File,"git/reachable.h",git/reachable.h,,,,,,0
File,"git/read-cache.c",git/read-cache.c,,,,,,488
File,"git/ref-filter.c",git/ref-filter.c,,,,,,466
File,"git/ref-filter.h",git/ref-filter.h,,,,,,0
File,"git/reflog-walk.c",git/reflog-walk.c,,,,,,57
File,"git/reflog-walk.h",git/reflog-walk.h,,,,,,0
File,"git/refs.c",git/refs.c,,,,,,374
File,"git/refs.h",git/refs.h,,,,,,1
File,"git/refs/files-backend.c",git/refs/files-backend.c,,,,,,371
File,"git/refs/iterator.c",git/refs/iterator.c,,,,,,65
File,"git/refs/packed-backend.c",git/refs/packed-backend.c,,,,,,185
File,"git/refs/packed-backend.h",git/refs/packed-backend.h,,,,,,0
File,"git/refs/ref-cache.c",git/refs/ref-cache.c,,,,,,85
File,"git/refs/ref-cache.h",git/refs/ref-cache.h,,,,,,0
File,"git/refs/refs-internal.h",git/refs/refs-internal.h,,,,,,0
File,"git/refspec.c",git/refspec.c,,,,,,52
File,"git/refspec.h",git/refspec.h,,,,,,0
File,"git/remote-curl.c",git/remote-curl.c,,,,,,237
File,"git/remote-testsvn.c",git/remote-testsvn.c,,,,,,50
File,"git/remote.c",git/remote.c,,,,,,471
File,"git/remote.h",git/remote.h,,,,,,0
File,"git/replace-object.c",git/replace-object.c,,,,,,9
File,"git/replace-object.h",git/replace-object.h,,,,,,2
File,"git/repository.c",git/repository.c,,,,,,39
File,"git/repository.h",git/repository.h,,,,,,0
File,"git/rerere.c",git/rerere.c,,,,,,211
File,"git/rerere.h",git/rerere.h,,,,,,0
File,"git/resolve-undo.c",git/resolve-undo.c,,,,,,41
File,"git/resolve-undo.h",git/resolve-undo.h,,,,,,0
File,"git/revision.c",git/revision.c,,,,,,700
File,"git/revision.h",git/revision.h,,,,,,0
File,"git/run-command.c",git/run-command.c,,,,,,300
File,"git/run-command.h",git/run-command.h,,,,,,1
File,"git/send-pack.c",git/send-pack.c,,,,,,136
File,"git/send-pack.h",git/send-pack.h,,,,,,0
File,"git/sequencer.c",git/sequencer.c,,,,,,854
File,"git/sequencer.h",git/sequencer.h,,,,,,0
File,"git/serve.c",git/serve.c,,,,,,37
File,"git/serve.h",git/serve.h,,,,,,0
File,"git/server-info.c",git/server-info.c,,,,,,55
File,"git/setup.c",git/setup.c,,,,,,231
File,"git/sh-i18n--envsubst.c",git/sh-i18n--envsubst.c,,,,,,55
File,"git/sha1-array.c",git/sha1-array.c,,,,,,19
File,"git/sha1-array.h",git/sha1-array.h,,,,,,0
File,"git/sha1-file.c",git/sha1-file.c,,,,,,375
File,"git/sha1-lookup.c",git/sha1-lookup.c,,,,,,19
File,"git/sha1-lookup.h",git/sha1-lookup.h,,,,,,0
File,"git/sha1-name.c",git/sha1-name.c,,,,,,322
File,"git/sha1dc/sha1.c",git/sha1dc/sha1.c,,,,,,353
File,"git/sha1dc/sha1.h",git/sha1dc/sha1.h,,,,,,0
File,"git/sha1dc/ubc_check.c",git/sha1dc/ubc_check.c,,,,,,84
File,"git/sha1dc/ubc_check.h",git/sha1dc/ubc_check.h,,,,,,0
File,"git/sha1dc_git.c",git/sha1dc_git.c,,,,,,4
File,"git/sha1dc_git.h",git/sha1dc_git.h,,,,,,0
File,"git/shallow.c",git/shallow.c,,,,,,144
File,"git/shell.c",git/shell.c,,,,,,30
File,"git/shortlog.h",git/shortlog.h,,,,,,0
File,"git/show-index.c",git/show-index.c,,,,,,22
File,"git/sideband.c",git/sideband.c,,,,,,21
File,"git/sideband.h",git/sideband.h,,,,,,0
File,"git/sigchain.c",git/sigchain.c,,,,,,12
File,"git/sigchain.h",git/sigchain.h,,,,,,0
File,"git/split-index.c",git/split-index.c,,,,,,68
File,"git/split-index.h",git/split-index.h,,,,,,0
File,"git/strbuf.c",git/strbuf.c,,,,,,220
File,"git/strbuf.h",git/strbuf.h,,,,,,21
File,"git/streaming.c",git/streaming.c,,,,,,75
File,"git/streaming.h",git/streaming.h,,,,,,0
File,"git/string-list.c",git/string-list.c,,,,,,87
File,"git/string-list.h",git/string-list.h,,,,,,0
File,"git/sub-process.c",git/sub-process.c,,,,,,36
File,"git/sub-process.h",git/sub-process.h,,,,,,1
File,"git/submodule-config.c",git/submodule-config.c,,,,,,107
File,"git/submodule-config.h",git/submodule-config.h,,,,,,0
File,"git/submodule.c",git/submodule.c,,,,,,294
File,"git/submodule.h",git/submodule.h,,,,,,0
File,"git/symlinks.c",git/symlinks.c,,,,,,41
File,"git/t/helper/test-chmtime.c",git/t/helper/test-chmtime.c,,,,,,21
File,"git/t/helper/test-config.c",git/t/helper/test-config.c,,,,,,38
File,"git/t/helper/test-ctype.c",git/t/helper/test-ctype.c,,,,,,18
File,"git/t/helper/test-date.c",git/t/helper/test-date.c,,,,,,24
File,"git/t/helper/test-delta.c",git/t/helper/test-delta.c,,,,,,9
File,"git/t/helper/test-drop-caches.c",git/t/helper/test-drop-caches.c,,,,,,3
File,"git/t/helper/test-dump-cache-tree.c",git/t/helper/test-dump-cache-tree.c,,,,,,10
File,"git/t/helper/test-dump-fsmonitor.c",git/t/helper/test-dump-fsmonitor.c,,,,,,5
File,"git/t/helper/test-dump-split-index.c",git/t/helper/test-dump-split-index.c,,,,,,6
File,"git/t/helper/test-dump-untracked-cache.c",git/t/helper/test-dump-untracked-cache.c,,,,,,12
File,"git/t/helper/test-example-decorate.c",git/t/helper/test-example-decorate.c,,,,,,11
File,"git/t/helper/test-fake-ssh.c",git/t/helper/test-fake-ssh.c,,,,,,7
File,"git/t/helper/test-genrandom.c",git/t/helper/test-genrandom.c,,,,,,6
File,"git/t/helper/test-hashmap.c",git/t/helper/test-hashmap.c,,,,,,44
File,"git/t/helper/test-index-version.c",git/t/helper/test-index-version.c,,,,,,2
File,"git/t/helper/test-lazy-init-name-hash.c",git/t/helper/test-lazy-init-name-hash.c,,,,,,38
File,"git/t/helper/test-line-buffer.c",git/t/helper/test-line-buffer.c,,,,,,20
File,"git/t/helper/test-match-trees.c",git/t/helper/test-match-trees.c,,,,,,5
File,"git/t/helper/test-mergesort.c",git/t/helper/test-mergesort.c,,,,,,8
File,"git/t/helper/test-mktemp.c",git/t/helper/test-mktemp.c,,,,,,2
File,"git/t/helper/test-online-cpus.c",git/t/helper/test-online-cpus.c,,,,,,1
File,"git/t/helper/test-parse-options.c",git/t/helper/test-parse-options.c,,,,,,20
File,"git/t/helper/test-path-utils.c",git/t/helper/test-path-utils.c,,,,,,42
File,"git/t/helper/test-pkt-line.c",git/t/helper/test-pkt-line.c,,,,,,17
File,"git/t/helper/test-prio-queue.c",git/t/helper/test-prio-queue.c,,,,,,8
File,"git/t/helper/test-read-cache.c",git/t/helper/test-read-cache.c,,,,,,3
File,"git/t/helper/test-ref-store.c",git/t/helper/test-ref-store.c,,,,,,46
File,"git/t/helper/test-regex.c",git/t/helper/test-regex.c,,,,,,13
File,"git/t/helper/test-revision-walking.c",git/t/helper/test-revision-walking.c,,,,,,9
File,"git/t/helper/test-run-command.c",git/t/helper/test-run-command.c,,,,,,15
File,"git/t/helper/test-scrap-cache-tree.c",git/t/helper/test-scrap-cache-tree.c,,,,,,3
File,"git/t/helper/test-sha1-array.c",git/t/helper/test-sha1-array.c,,,,,,9
File,"git/t/helper/test-sha1.c",git/t/helper/test-sha1.c,,,,,,12
File,"git/t/helper/test-sigchain.c",git/t/helper/test-sigchain.c,,,,,,4
File,"git/t/helper/test-strcmp-offset.c",git/t/helper/test-strcmp-offset.c,,,,,,4
File,"git/t/helper/test-string-list.c",git/t/helper/test-string-list.c,,,,,,17
File,"git/t/helper/test-submodule-config.c",git/t/helper/test-submodule-config.c,,,,,,12
File,"git/t/helper/test-subprocess.c",git/t/helper/test-subprocess.c,,,,,,3
File,"git/t/helper/test-svn-fe.c",git/t/helper/test-svn-fe.c,,,,,,11
File,"git/t/helper/test-tool.c",git/t/helper/test-tool.c,,,,,,4
File,"git/t/helper/test-tool.h",git/t/helper/test-tool.h,,,,,,0
File,"git/t/helper/test-urlmatch-normalization.c",git/t/helper/test-urlmatch-normalization.c,,,,,,10
File,"git/t/helper/test-wildmatch.c",git/t/helper/test-wildmatch.c,,,,,,8
File,"git/t/helper/test-write-cache.c",git/t/helper/test-write-cache.c,,,,,,4
File,"git/t/t0200/test.c",git/t/t0200/test.c,,,,,,1
File,"git/t/t4051/appended1.c",git/t/t4051/appended1.c,,,,,,2
File,"git/t/t4051/appended2.c",git/t/t4051/appended2.c,,,,,,0
File,"git/t/t4051/dummy.c",git/t/t4051/dummy.c,,,,,,1
File,"git/t/t4051/hello.c",git/t/t4051/hello.c,,,,,,1
File,"git/t/t4051/includes.c",git/t/t4051/includes.c,,,,,,0
File,"git/tag.c",git/tag.c,,,,,,39
File,"git/tag.h",git/tag.h,,,,,,0
File,"git/tar.h",git/tar.h,,,,,,0
File,"git/tempfile.c",git/tempfile.c,,,,,,48
File,"git/tempfile.h",git/tempfile.h,,,,,,8
File,"git/thread-utils.c",git/thread-utils.c,,,,,,4
File,"git/thread-utils.h",git/thread-utils.h,,,,,,0
File,"git/tmp-objdir.c",git/tmp-objdir.c,,,,,,42
File,"git/tmp-objdir.h",git/tmp-objdir.h,,,,,,0
File,"git/trace.c",git/trace.c,,,,,,62
File,"git/trace.h",git/trace.h,,,,,,1
File,"git/trailer.c",git/trailer.c,,,,,,214
File,"git/trailer.h",git/trailer.h,,,,,,0
File,"git/transport-helper.c",git/transport-helper.c,,,,,,264
File,"git/transport-internal.h",git/transport-internal.h,,,,,,0
File,"git/transport.c",git/transport.c,,,,,,270
File,"git/transport.h",git/transport.h,,,,,,0
File,"git/tree-diff.c",git/tree-diff.c,,,,,,85
File,"git/tree-walk.c",git/tree-walk.c,,,,,,178
File,"git/tree-walk.h",git/tree-walk.h,,,,,,3
File,"git/tree.c",git/tree.c,,,,,,42
File,"git/tree.h",git/tree.h,,,,,,1
File,"git/unicode-width.h",git/unicode-width.h,,,,,,0
File,"git/unix-socket.c",git/unix-socket.c,,,,,,19
File,"git/unix-socket.h",git/unix-socket.h,,,,,,0
File,"git/unpack-trees.c",git/unpack-trees.c,,,,,,375
File,"git/unpack-trees.h",git/unpack-trees.h,,,,,,0
File,"git/upload-pack.c",git/upload-pack.c,,,,,,269
File,"git/upload-pack.h",git/upload-pack.h,,,,,,0
File,"git/url.c",git/url.c,,,,,,19
File,"git/url.h",git/url.h,,,,,,0
File,"git/urlmatch.c",git/urlmatch.c,,,,,,96
File,"git/urlmatch.h",git/urlmatch.h,,,,,,0
File,"git/usage.c",git/usage.c,,,,,,34
File,"git/userdiff.c",git/userdiff.c,,,,,,34
File,"git/userdiff.h",git/userdiff.h,,,,,,0
File,"git/utf8.c",git/utf8.c,,,,,,138
File,"git/utf8.h",git/utf8.h,,,,,,1
File,"git/varint.c",git/varint.c,,,,,,6
File,"git/varint.h",git/varint.h,,,,,,0
File,"git/vcs-svn/fast_export.c",git/vcs-svn/fast_export.c,,,,,,80
File,"git/vcs-svn/fast_export.h",git/vcs-svn/fast_export.h,,,,,,0
File,"git/vcs-svn/line_buffer.c",git/vcs-svn/line_buffer.c,,,,,,27
File,"git/vcs-svn/line_buffer.h",git/vcs-svn/line_buffer.h,,,,,,0
File,"git/vcs-svn/sliding_window.c",git/vcs-svn/sliding_window.c,,,,,,23
File,"git/vcs-svn/sliding_window.h",git/vcs-svn/sliding_window.h,,,,,,0
File,"git/vcs-svn/svndiff.c",git/vcs-svn/svndiff.c,,,,,,64
File,"git/vcs-svn/svndiff.h",git/vcs-svn/svndiff.h,,,,,,0
File,"git/vcs-svn/svndump.c",git/vcs-svn/svndump.c,,,,,,124
File,"git/vcs-svn/svndump.h",git/vcs-svn/svndump.h,,,,,,0
File,"git/version.c",git/version.c,,,,,,7
File,"git/version.h",git/version.h,,,,,,0
File,"git/versioncmp.c",git/versioncmp.c,,,,,,24
File,"git/walker.c",git/walker.c,,,,,,72
File,"git/walker.h",git/walker.h,,,,,,0
File,"git/wildmatch.c",git/wildmatch.c,,,,,,81
File,"git/wildmatch.h",git/wildmatch.h,,,,,,0
File,"git/worktree.c",git/worktree.c,,,,,,80
File,"git/worktree.h",git/worktree.h,,,,,,0
File,"git/wrapper.c",git/wrapper.c,,,,,,134
File,"git/write-or-die.c",git/write-or-die.c,,,,,,13
File,"git/ws.c",git/ws.c,,,,,,81
File,"git/wt-status.c",git/wt-status.c,,,,,,448
File,"git/wt-status.h",git/wt-status.h,,,,,,0
File,"git/xdiff-interface.c",git/xdiff-interface.c,,,,,,66
File,"git/xdiff-interface.h",git/xdiff-interface.h,,,,,,0
File,"git/xdiff/xdiff.h",git/xdiff/xdiff.h,,,,,,0
File,"git/xdiff/xdiffi.c",git/xdiff/xdiffi.c,,,,,,150
File,"git/xdiff/xdiffi.h",git/xdiff/xdiffi.h,,,,,,0
File,"git/xdiff/xemit.c",git/xdiff/xemit.c,,,,,,64
File,"git/xdiff/xemit.h",git/xdiff/xemit.h,,,,,,0
File,"git/xdiff/xhistogram.c",git/xdiff/xhistogram.c,,,,,,49
File,"git/xdiff/xinclude.h",git/xdiff/xinclude.h,,,,,,0
File,"git/xdiff/xmacros.h",git/xdiff/xmacros.h,,,,,,0
File,"git/xdiff/xmerge.c",git/xdiff/xmerge.c,,,,,,119
File,"git/xdiff/xpatience.c",git/xdiff/xpatience.c,,,,,,52
File,"git/xdiff/xprepare.c",git/xdiff/xprepare.c,,,,,,71
File,"git/xdiff/xprepare.h",git/xdiff/xprepare.h,,,,,,0
File,"git/xdiff/xtypes.h",git/xdiff/xtypes.h,,,,,,0
File,"git/xdiff/xutils.c",git/xdiff/xutils.c,,,,,,83
File,"git/xdiff/xutils.h",git/xdiff/xutils.h,,,,,,0
File,"git/zlib.c",git/zlib.c,,,,,,49
Struct,"git_attr",git/attr.c,0,0,0,0,0,0
Struct,"git_config_source",git/config.h,0,0,0,0,0,0
Struct,"git_graph",git/graph.c,0,0,3,0,0,0
Struct,"git_hash_algo",git/hash.h,0,0,1,0,0,0
Union,"git_hash_ctx",git/hash.h,0,0,1,0,0,0
Struct,"git_istream",git/streaming.c,0,0,4,0,0,0
Struct,"git_transport_data",git/transport.c,0,0,3,0,0,0
Struct,"git_transport_options",git/transport.h,0,0,3,0,0,0
Struct,"git_var",git/builtin/var.c,0,0,0,0,0,0
Struct,"git_zstream",git/cache.h,0,0,0,0,0,0
Struct,"grab_1st_switch_cbdata",git/wt-status.c,0,0,2,0,0,0
Struct,"grab_nth_branch_switch_cbdata",git/sha1-name.c,0,0,1,0,0,0
Struct,"grep_expr",git/grep.h,0,0,1,0,0,0
Struct,"grep_opt",git/grep.h,0,0,3,0,0,0
Struct,"grep_pat",git/grep.h,0,0,2,0,0,0
Struct,"grep_source",git/grep.h,0,0,1,0,0,0
Struct,"handle_split_cb_data",git/blame.c,0,0,3,0,0,0
Struct,"has_commit_data",git/submodule.c,0,0,0,0,0,0
Struct,"hash_list",git/fast-import.c,0,0,1,0,0,0
Struct,"hashfile",git/csum-file.h,0,0,2,0,0,0
Struct,"hashfile_checkpoint",git/csum-file.h,0,0,1,0,0,0
Struct,"hashmap",git/hashmap.h,0,0,1,0,0,0
Struct,"hashmap",git/xdiff/xpatience.c,0,0,3,0,0,0
Public Struct,"hashmap::entry",git/xdiff/xpatience.c,0,0,0,0,0,0
Struct,"hashmap_entry",git/hashmap.h,0,0,0,0,0,0
Struct,"hashmap_iter",git/hashmap.h,0,0,2,0,0,0
Struct,"helper_data",git/transport-helper.c,0,0,3,0,0,0
Struct,"histindex",git/xdiff/xhistogram.c,0,0,3,0,0,0
Public Struct,"histindex::record",git/xdiff/xhistogram.c,0,0,0,0,0,0
Struct,"hostinfo",git/daemon.c,0,0,1,0,0,0
Struct,"http_get_options",git/http.h,0,0,2,0,0,0
Struct,"http_object_request",git/http.h,0,0,4,0,0,0
Struct,"http_pack_request",git/http.h,0,0,3,0,0,0
Struct,"ident_filter",git/convert.c,0,0,2,0,0,0
Struct,"ident_split",git/cache.h,0,0,0,0,0,0
Struct,"idx_entry",git/pack-check.c,0,0,1,0,0,0
Public Union,"idx_entry::idx_entry_object",git/pack-check.c,0,0,1,0,0,0
Struct,"if_then_else",git/ref-filter.c,0,0,0,0,0,0
Struct,"image",git/apply.c,0,0,1,0,0,0
Struct,"imap",git/imap-send.c,0,0,2,0,0,0
Struct,"imap_buffer",git/imap-send.c,0,0,1,0,0,0
Struct,"imap_cmd",git/imap-send.c,0,0,1,0,0,0
Struct,"imap_cmd_cb",git/imap-send.c,0,0,0,0,0,0
Struct,"imap_server_conf",git/imap-send.c,0,0,0,0,0,0
Struct,"imap_socket",git/imap-send.c,0,0,0,0,0,0
Struct,"imap_store",git/imap-send.c,0,0,1,0,0,0
Struct,"in_pack",git/builtin/pack-objects.c,0,0,1,0,0,0
Struct,"in_pack_object",git/builtin/pack-objects.c,0,0,1,0,0,0
Struct,"include_data",git/pack-bitmap.c,0,0,1,0,0,0
Struct,"indegree_slab",git/commit.c,0,0,0,0,0,0
Struct,"index_entry",git/diff-delta.c,0,0,0,0,0,0
Struct,"index_state",git/cache.h,0,0,9,0,0,0
Struct,"init_cb",git/builtin/submodule--helper.c,0,0,0,0,0,0
Struct,"input_command_entry",git/remote-testsvn.c,0,0,0,0,0,0
Struct,"int_node",git/notes.c,0,0,0,0,0,0
Struct,"interval",git/utf8.c,0,0,0,0,0,0
Struct,"io_pump",git/run-command.c,0,0,2,0,0,0
Struct,"iterate_data",git/builtin/receive-pack.c,0,0,2,0,0,0
Struct,"itimerval",git/compat/mingw.h,0,0,1,0,0,0
Struct,"key_value_info",git/config.h,0,0,0,0,0,0
Struct,"known_remote",git/builtin/remote.c,0,0,1,0,0,0
Struct,"known_remotes",git/builtin/remote.c,0,0,2,0,0,0
Struct,"kwset",git/kwset.c,0,0,2,0,0,0
Struct,"kwsmatch",git/kwset.h,0,0,0,0,0,0
Struct,"label_state",git/sequencer.c,0,0,3,0,0,0
Struct,"labels_entry",git/sequencer.c,0,0,1,0,0,0
Struct,"last_object",git/fast-import.c,0,0,1,0,0,0
Struct,"lazy_dir_thread_data",git/name-hash.c,0,0,2,0,0,0
Struct,"lazy_entry",git/name-hash.c,0,0,1,0,0,0
Struct,"lazy_name_thread_data",git/name-hash.c,0,0,2,0,0,0
Struct,"leaf_node",git/notes.c,0,0,1,0,0,0
Struct,"lf_to_crlf_filter",git/convert.c,0,0,1,0,0,0
Struct,"line",git/apply.c,0,0,0,0,0,0
Struct,"line",git/t/helper/test-mergesort.c,0,0,0,0,0,0
Struct,"line_buffer",git/vcs-svn/line_buffer.h,0,0,0,0,0,0
Struct,"line_log_data",git/line-log.h,0,0,3,0,0,0
Struct,"line_opt_callback_data",git/builtin/log.c,0,0,2,0,0,0
Struct,"list_head",git/list.h,0,0,0,0,0,0
Struct,"list_objects_filter_options",git/list-objects-filter-options.h,0,0,1,0,0,0
Struct,"ll_merge_driver",git/ll-merge.c,0,0,0,0,0,0
Struct,"ll_merge_options",git/ll-merge.h,0,0,0,0,0,0
Struct,"lline",git/combine-diff.c,0,0,0,0,0,0
Struct,"llist",git/builtin/pack-redundant.c,0,0,1,0,0,0
Struct,"llist_item",git/builtin/pack-redundant.c,0,0,1,0,0,0
Struct,"lock_file",git/lockfile.h,0,0,1,0,0,0
Struct,"log_info",git/log-tree.h,0,0,1,0,0,0
Struct,"loose_alt_odb_data",git/sha1-file.c,0,0,0,0,0,0
Struct,"loose_object_iter",git/fetch-pack.c,0,0,2,0,0,0
Struct,"ls_refs_data",git/ls-refs.c,0,0,1,0,0,0
Struct,"mailinfo",git/mailinfo.h,0,0,1,0,0,0
Struct,"mailmap_entry",git/mailmap.c,0,0,1,0,0,0
Struct,"mailmap_info",git/mailmap.c,0,0,0,0,0,0
Struct,"mallinfo",git/compat/nedmalloc/malloc.c.h,0,0,0,0,0,0
Struct,"malloc_chunk",git/compat/nedmalloc/malloc.c.h,0,0,0,0,0,0
Struct,"malloc_params",git/compat/nedmalloc/malloc.c.h,0,0,0,0,0,0
Struct,"malloc_segment",git/compat/nedmalloc/malloc.c.h,0,0,0,0,0,0
Struct,"malloc_state",git/compat/nedmalloc/malloc.c.h,0,0,4,0,0,0
Struct,"malloc_tree_chunk",git/compat/nedmalloc/malloc.c.h,0,0,0,0,0,0
Struct,"man_viewer_info_list",git/builtin/help.c,0,0,0,0,0,0
Struct,"man_viewer_list",git/builtin/help.c,0,0,0,0,0,0
Struct,"mark_set",git/fast-import.c,0,0,1,0,0,0
Struct,"match_attr",git/attr.c,0,0,3,0,0,0
Struct,"mem_pool",git/mem-pool.h,0,0,1,0,0,0
Struct,"menu_item",git/builtin/clean.c,0,0,0,0,0,0
Struct,"menu_opts",git/builtin/clean.c,0,0,0,0,0,0
Struct,"menu_stuff",git/builtin/clean.c,0,0,0,0,0,0
Struct,"merge_file_info",git/merge-recursive.c,0,0,1,0,0,0
Struct,"merge_list",git/builtin/merge-tree.c,0,0,1,0,0,0
Struct,"merge_options",git/merge-recursive.h,0,0,5,0,0,0
Struct,"merge_parents",git/builtin/fmt-merge-msg.c,0,0,1,0,0,0
Public Struct,"merge_parents::merge_parent",git/builtin/fmt-merge-msg.c,0,0,1,0,0,0
Struct,"merge_ref_iterator",git/refs/iterator.c,0,0,1,0,0,0
Struct,"merge_remote_desc",git/commit.h,0,0,1,0,0,0
Struct,"merge_simplify_state",git/revision.c,0,0,1,0,0,0
Struct,"mergesort_sublist",git/mergesort.c,0,0,0,0,0,0
Struct,"min_abbrev_data",git/sha1-name.c,0,0,1,0,0,0
Struct,"module_list",git/builtin/submodule--helper.c,0,0,1,0,0,0
Struct,"moved_entry",git/diff.c,0,0,2,0,0,0
Struct,"mp_block",git/mem-pool.h,0,0,0,0,0,0
Struct,"msg_arg",git/builtin/tag.c,0,0,1,0,0,0
Struct,"name_decoration",git/commit.h,0,0,0,0,0,0
Struct,"name_entry",git/tree-walk.h,0,0,1,0,0,0
Struct,"name_ref_data",git/builtin/name-rev.c,0,0,1,0,0,0
Struct,"nedpool_t",git/compat/nedmalloc/nedmalloc.c,0,0,3,0,0,0
Struct,"new_trailer_item",git/trailer.h,0,0,1,0,0,0
Struct,"non_note",git/notes.c,0,0,1,0,0,0
Struct,"note_data",git/builtin/notes.c,0,0,1,0,0,0
Struct,"note_delete_list",git/notes.c,0,0,0,0,0,0
Struct,"notes_cache",git/notes-cache.h,0,0,1,0,0,0
Struct,"notes_merge_options",git/notes-merge.h,0,0,1,0,0,0
Struct,"notes_merge_pair",git/notes-merge.c,0,0,1,0,0,0
Struct,"notes_rewrite_cfg",git/notes-utils.h,0,0,2,0,0,0
Struct,"notes_tree",git/notes.h,0,0,2,0,0,0
Struct,"nth_line_cb",git/line-log.c,0,0,1,0,0,0
Struct,"obj_buffer",git/builtin/unpack-objects.c,0,0,0,0,0,0
Struct,"obj_info",git/builtin/unpack-objects.c,0,0,2,0,0,0
Struct,"obj_order",git/diffcore.h,0,0,0,0,0,0
Struct,"object",git/object.h,0,0,1,0,0,0
Struct,"object_array",git/object.h,0,0,1,0,0,0
Public Struct,"object_array::object_array_entry",git/object.h,0,0,1,0,0,0
Struct,"object_cb_data",git/builtin/cat-file.c,0,0,2,0,0,0
Struct,"object_context",git/cache.h,0,0,1,0,0,0
Struct,"object_entry",git/fast-import.c,0,0,1,0,0,0
Struct,"object_entry",git/pack-objects.h,0,0,1,0,0,0
Struct,"object_entry",git/builtin/index-pack.c,0,0,1,0,0,0
Struct,"object_entry_pool",git/fast-import.c,0,0,1,0,0,0
Struct,"object_id",git/cache.h,0,0,0,0,0,0
Struct,"object_info",git/cache.h,0,0,2,0,0,0
Struct,"object_list",git/object.h,0,0,1,0,0,0
Struct,"object_request",git/http-walker.c,0,0,5,0,0,0
Struct,"object_stat",git/builtin/index-pack.c,0,0,0,0,0,0
Struct,"obstack",git/compat/obstack.h,0,0,1,0,0,0
Struct,"ofs_delta_entry",git/builtin/index-pack.c,0,0,0,0,0,0
Struct,"oid_array",git/sha1-array.h,0,0,1,0,0,0
Struct,"oid_stat",git/dir.h,0,0,2,0,0,0
Struct,"oidmap",git/oidmap.h,0,0,1,0,0,0
Struct,"oidmap_entry",git/oidmap.h,0,0,2,0,0,0
Struct,"oidmap_iter",git/oidmap.h,0,0,1,0,0,0
Struct,"oidset",git/oidset.h,0,0,1,0,0,0
Struct,"oidset_iter",git/oidset.h,0,0,1,0,0,0
Struct,"ondisk_cache_entry",git/read-cache.c,0,0,1,0,0,0
Struct,"ondisk_cache_entry_extended",git/read-cache.c,0,0,1,0,0,0
Struct,"ondisk_untracked_cache",git/dir.c,0,0,1,0,0,0
Struct,"opentry",git/apply.c,0,0,0,0,0,0
Struct,"option",git/parse-options.h,0,0,0,0,0,0
Struct,"options",git/remote-curl.c,0,0,1,0,0,0
Struct,"opts_commit_graph",git/builtin/commit-graph.c,0,0,0,0,0,0
Struct,"origin_data",git/builtin/fmt-merge-msg.c,0,0,1,0,0,0
Struct,"pack_entry",git/cache.h,0,0,1,0,0,0
Struct,"pack_header",git/pack.h,0,0,0,0,0,0
Struct,"pack_idx_entry",git/pack.h,0,0,1,0,0,0
Struct,"pack_idx_header",git/pack.h,0,0,0,0,0,0
Struct,"pack_idx_option",git/pack.h,0,0,0,0,0,0
Struct,"pack_info",git/server-info.c,0,0,1,0,0,0
Struct,"pack_list",git/builtin/pack-redundant.c,0,0,2,0,0,0
Struct,"pack_window",git/cache.h,0,0,0,0,0,0
Struct,"packed_commit_list",git/commit-graph.c,0,0,1,0,0,0
Struct,"packed_git",git/object-store.h,0,0,3,0,0,0
Struct,"packed_oid_list",git/commit-graph.c,0,0,1,0,0,0
Struct,"packed_ref_iterator",git/refs/packed-backend.c,0,0,4,0,0,0
Struct,"packed_ref_store",git/refs/packed-backend.c,0,0,4,0,0,0
Struct,"packed_transaction_backend_data",git/refs/packed-backend.c,0,0,1,0,0,0
Struct,"packet_reader",git/pkt-line.h,0,0,0,0,0,0
Struct,"packing_data",git/pack-objects.h,0,0,2,0,0,0
Struct,"pager_command_config_data",git/pager.c,0,0,0,0,0,0
Struct,"paint_info",git/shallow.c,0,0,1,0,0,0
Struct,"pair_entry",git/builtin/difftool.c,0,0,1,0,0,0
Struct,"parallel_processes",git/run-command.c,0,0,3,0,0,0
Struct,"parse_config_parameter",git/submodule-config.c,0,0,2,0,0,0
Struct,"parse_event_data",git/config.c,0,0,1,0,0,0
Struct,"parse_opt_ctx_t",git/parse-options.h,0,0,0,0,0,0
Struct,"passwd",git/compat/mingw.h,0,0,0,0,0,0
Struct,"patch",git/apply.c,0,0,2,0,0,0
Struct,"patch_id",git/patch-ids.h,0,0,3,0,0,0
Struct,"patch_id_t",git/diff.c,0,0,1,0,0,0
Struct,"patch_ids",git/patch-ids.h,0,0,2,0,0,0
Struct,"path_entry",git/builtin/difftool.c,0,0,1,0,0,0
Struct,"path_hashmap_entry",git/merge-recursive.c,0,0,1,0,0,0
Struct,"pathspec",git/pathspec.h,0,0,1,0,0,0
Public Struct,"pathspec::pathspec_item",git/pathspec.h,0,0,1,0,0,0
Public Struct,"pathspec::pathspec_item::attr_match",git/pathspec.h,0,0,0,0,0,0
Struct,"pathspec_magic",git/pathspec.c,0,0,0,0,0,0
Struct,"pattern",git/attr.c,0,0,0,0,0,0
Struct,"pbase_tree",git/builtin/pack-objects.c,0,0,1,0,0,0
Struct,"pbase_tree_cache",git/builtin/pack-objects.c,0,0,1,0,0,0
Struct,"pinfo_t",git/compat/mingw.c,0,0,0,0,0,0
Struct,"pll",git/builtin/pack-redundant.c,0,0,1,0,0,0
Struct,"plost",git/combine-diff.c,0,0,1,0,0,0
Struct,"pollfd",git/compat/poll/poll.h,0,0,0,0,0,0
Struct,"pool_entry",git/hashmap.c,0,0,1,0,0,0
Struct,"possible_tag",git/builtin/describe.c,0,0,1,0,0,0
Struct,"prefix_ref_iterator",git/refs/iterator.c,0,0,1,0,0,0
Struct,"pretty_print_context",git/pretty.h,0,0,5,0,0,0
Struct,"prio_queue",git/prio-queue.h,0,0,1,0,0,0
Struct,"prio_queue_entry",git/prio-queue.h,0,0,0,0,0,0
Struct,"proc_addr",git/compat/win32/lazyload.h,0,0,0,0,0,0
Struct,"process_commit_data",git/builtin/describe.c,0,0,3,0,0,0
Struct,"process_trailer_options",git/trailer.h,0,0,0,0,0,0
Struct,"progress",git/progress.c,0,0,1,0,0,0
Struct,"progress_info",git/builtin/blame.c,0,0,1,0,0,0
Struct,"protocol_capability",git/serve.c,0,0,0,0,0,0
Struct,"proxy_state",git/remote-curl.c,0,0,3,0,0,0
Struct,"pthread_mlock_t",git/compat/nedmalloc/malloc.c.h,0,0,0,0,0,0
Struct,"push_cas_option",git/remote.h,0,0,1,0,0,0
Public Struct,"push_cas_option::push_cas",git/remote.h,0,0,1,0,0,0
Struct,"push_info",git/builtin/remote.c,0,0,0,0,0,0
Struct,"range",git/line-log.h,0,0,0,0,0,0
Struct,"range_set",git/line-log.h,0,0,1,0,0,0
Struct,"raw_object_store",git/object-store.h,0,0,4,0,0,0
Struct,"re_backref_cache_entry",git/compat/regex/regex_internal.h,0,0,0,0,0,0
Struct,"re_dfa_t",git/compat/regex/regex_internal.h,0,0,6,0,0,0
Struct,"re_dfastate_t",git/compat/regex/regex_internal.h,0,0,1,0,0,0
Struct,"re_fail_stack_ent_t",git/compat/regex/regex_internal.h,0,0,2,0,0,0
Struct,"re_fail_stack_t",git/compat/regex/regex_internal.h,0,0,1,0,0,0
Struct,"re_pattern_buffer",git/compat/regex/regex.h,0,0,0,0,0,0
Struct,"re_registers",git/compat/regex/regex.h,0,0,0,0,0,0
Struct,"re_state_table_entry",git/compat/regex/regex_internal.h,0,0,1,0,0,0
Struct,"re_string_t",git/compat/regex/regex_internal.h,0,0,0,0,0,0
Struct,"read_data",git/dir.c,0,0,2,0,0,0
Struct,"read_ref_at_cb",git/refs.c,0,0,1,0,0,0
Struct,"receive_hook_feed_state",git/builtin/receive-pack.c,0,0,3,0,0,0
Struct,"recent_command",git/fast-import.c,0,0,0,0,0,0
Struct,"recent_data",git/reachable.c,0,0,1,0,0,0
Struct,"ref",git/remote.h,0,0,1,0,0,0
Struct,"ref_array",git/ref-filter.h,0,0,2,0,0,0
Struct,"ref_array_item",git/ref-filter.h,0,0,3,0,0,0
Struct,"ref_bitmap",git/shallow.c,0,0,0,0,0,0
Struct,"ref_cache",git/refs/ref-cache.h,0,0,2,0,0,0
Struct,"ref_delta_entry",git/builtin/index-pack.c,0,0,1,0,0,0
Struct,"ref_dir",git/refs/ref-cache.h,0,0,2,0,0,0
Struct,"ref_entry",git/refs/ref-cache.h,0,0,2,0,0,0
Struct,"ref_filter",git/ref-filter.h,0,0,3,0,0,0
Struct,"ref_filter",git/refs.c,0,0,0,0,0,0
Struct,"ref_filter_cbdata",git/ref-filter.c,0,0,3,0,0,0
Struct,"ref_format",git/ref-filter.h,0,0,0,0,0,0
Struct,"ref_formatting_stack",git/ref-filter.c,0,0,1,0,0,0
Struct,"ref_formatting_state",git/ref-filter.c,0,0,1,0,0,0
Struct,"ref_iterator",git/refs/refs-internal.h,0,0,2,0,0,0
Struct,"ref_iterator_vtable",git/refs/refs-internal.h,0,0,0,0,0,0
Struct,"ref_list",git/bundle.h,0,0,1,0,0,0
Public Struct,"ref_list::ref_list_entry",git/bundle.h,0,0,1,0,0,0
Struct,"ref_lock",git/refs/files-backend.c,0,0,2,0,0,0
Struct,"ref_msg",git/ref-filter.c,0,0,0,0,0,0
Struct,"ref_sorting",git/ref-filter.h,0,0,0,0,0,0
Struct,"ref_states",git/builtin/remote.c,0,0,2,0,0,0
Struct,"ref_storage_be",git/refs/refs-internal.h,0,0,2,0,0,0
Struct,"ref_store",git/refs/refs-internal.h,0,0,1,0,0,0
Struct,"ref_store_hash_entry",git/refs.c,0,0,2,0,0,0
Struct,"ref_to_prune",git/refs/files-backend.c,0,0,1,0,0,0
Struct,"ref_transaction",git/refs/refs-internal.h,0,0,2,0,0,0
Struct,"ref_update",git/refs/refs-internal.h,0,0,1,0,0,0
Struct,"ref_value",git/refs/ref-cache.h,0,0,1,0,0,0
Struct,"reflog_expire_cfg",git/builtin/reflog.c,0,0,0,0,0,0
Struct,"reflog_walk_info",git/reflog-walk.c,0,0,2,0,0,0
Struct,"refname_atom",git/ref-filter.c,0,0,0,0,0,0
Struct,"refresh_params",git/builtin/update-index.c,0,0,0,0,0,0
Struct,"refspec",git/refspec.h,0,0,1,0,0,0
Struct,"refspec_item",git/refspec.h,0,0,0,0,0,0
Struct,"reg_flag",git/t/helper/test-regex.c,0,0,0,0,0,0
Struct,"region",git/xdiff/xhistogram.c,0,0,0,0,0,0
Struct,"remote",git/remote.h,0,0,2,0,0,0
Struct,"remote_group_data",git/builtin/fetch.c,0,0,1,0,0,0
Struct,"remote_lock",git/http-push.c,0,0,0,0,0,0
Struct,"remote_ls_ctx",git/http-push.c,0,0,0,0,0,0
Struct,"remotes_hash_key",git/remote.c,0,0,0,0,0,0
Struct,"rename",git/merge-recursive.c,0,0,2,0,0,0
Struct,"rename_cb",git/refs/files-backend.c,0,0,0,0,0,0
Struct,"rename_conflict_info",git/merge-recursive.c,0,0,3,0,0,0
Struct,"rename_info",git/builtin/remote.c,0,0,1,0,0,0
Struct,"rename_info",git/merge-recursive.c,0,0,1,0,0,0
Struct,"replace_object",git/replace-object.h,0,0,2,0,0,0
Struct,"replay_opts",git/sequencer.h,0,0,3,0,0,0
Struct,"repo",git/http-push.c,0,0,2,0,0,0
Struct,"repository",git/repository.h,0,0,6,0,0,0
Struct,"repository_format",git/cache.h,0,0,1,0,0,0
Struct,"rerere_dir",git/rerere.c,0,0,0,0,0,0
Struct,"rerere_id",git/rerere.h,0,0,1,0,0,0
Struct,"rerere_io",git/rerere.c,0,0,0,0,0,0
Struct,"rerere_io_file",git/rerere.c,0,0,1,0,0,0
Struct,"rerere_io_mem",git/rerere.c,0,0,2,0,0,0
Struct,"resolve_undo_info",git/resolve-undo.h,0,0,1,0,0,0
Struct,"rev_cmdline_info",git/revision.h,0,0,1,0,0,0
Public Struct,"rev_cmdline_info::rev_cmdline_entry",git/revision.h,0,0,1,0,0,0
Struct,"rev_collect",git/builtin/merge-base.c,0,0,1,0,0,0
Struct,"rev_info",git/revision.h,0,0,15,0,0,0
Struct,"rev_list_info",git/bisect.h,0,0,1,0,0,0
Struct,"rev_name",git/builtin/name-rev.c,0,0,0,0,0,0
Struct,"rev_note",git/remote-testsvn.c,0,0,0,0,0,0
Struct,"revindex_entry",git/pack-revindex.h,0,0,0,0,0,0
Struct,"rewrite",git/remote.c,0,0,1,0,0,0
Struct,"rewrites",git/remote.c,0,0,1,0,0,0
Struct,"rlimit",git/compat/mingw.h,0,0,0,0,0,0
Struct,"rlw_iterator",git/ewah/ewok_rlw.h,0,0,0,0,0,0
Struct,"rpc_service",git/http-backend.c,0,0,0,0,0,0
Struct,"rpc_state",git/remote-curl.c,0,0,1,0,0,0
Struct,"s_bdiffparam",git/xdiff/xdiff.h,0,0,0,0,0,0
Struct,"s_chanode",git/xdiff/xtypes.h,0,0,0,0,0,0
Struct,"s_chastore",git/xdiff/xtypes.h,0,0,1,0,0,0
Struct,"s_diffdata",git/xdiff/xdiffi.h,0,0,0,0,0,0
Struct,"s_mmbuffer",git/xdiff/xdiff.h,0,0,0,0,0,0
Struct,"s_mmfile",git/xdiff/xdiff.h,0,0,0,0,0,0
Struct,"s_xdalgoenv",git/xdiff/xdiffi.h,0,0,0,0,0,0
Struct,"s_xdchange",git/xdiff/xdiffi.h,0,0,0,0,0,0
Struct,"s_xdemitcb",git/xdiff/xdiff.h,0,0,0,0,0,0
Struct,"s_xdemitconf",git/xdiff/xdiff.h,0,0,0,0,0,0
Struct,"s_xdfenv",git/xdiff/xtypes.h,0,0,1,0,0,0
Struct,"s_xdfile",git/xdiff/xtypes.h,0,0,2,0,0,0
Struct,"s_xdlclass",git/xdiff/xprepare.c,0,0,0,0,0,0
Struct,"s_xdlclassifier",git/xdiff/xprepare.c,0,0,2,0,0,0
Struct,"s_xdmerge",git/xdiff/xmerge.c,0,0,0,0,0,0
Struct,"s_xdpsplit",git/xdiff/xdiffi.c,0,0,0,0,0,0
Struct,"s_xmparam",git/xdiff/xdiff.h,0,0,1,0,0,0
Struct,"s_xpparam",git/xdiff/xdiff.h,0,0,0,0,0,0
Struct,"s_xrecord",git/xdiff/xtypes.h,0,0,0,0,0,0
Struct,"saved_parents",git/revision.c,0,0,1,0,0,0
Struct,"send_pack_args",git/send-pack.h,0,0,1,0,0,0
Struct,"serve_options",git/serve.h,0,0,0,0,0,0
Struct,"service_cmd",git/http-backend.c,0,0,0,0,0,0
Struct,"set_gitdir_args",git/repository.h,0,0,0,0,0,0
Struct,"setup_revision_opt",git/revision.h,0,0,0,0,0,0
Struct,"shallow_info",git/commit.h,0,0,2,0,0,0
Struct,"shortlog",git/shortlog.h,0,0,1,0,0,0
Struct,"show_data",git/builtin/replace.c,0,0,0,0,0,0
Struct,"show_info",git/builtin/remote.c,0,0,2,0,0,0
Struct,"sigaction",git/compat/mingw.h,0,0,0,0,0,0
Struct,"sigchain_signal",git/sigchain.c,0,0,0,0,0,0
Struct,"signature_check",git/gpg-interface.h,0,0,0,0,0,0
Struct,"similar_ref_cb",git/help.c,0,0,1,0,0,0
Struct,"sliding_view",git/vcs-svn/sliding_window.h,0,0,2,0,0,0
Struct,"sline",git/combine-diff.c,0,0,2,0,0,0
Struct,"slot_results",git/http.h,0,0,0,0,0,0
Struct,"snapshot",git/refs/packed-backend.c,0,0,2,0,0,0
Struct,"snapshot_record",git/refs/packed-backend.c,0,0,0,0,0,0
Struct,"socketlist",git/daemon.c,0,0,0,0,0,0
Struct,"spanhash",git/diffcore-delta.c,0,0,0,0,0,0
Struct,"spanhash_top",git/diffcore-delta.c,0,0,1,0,0,0
Struct,"special",git/date.c,0,0,0,0,0,0
Struct,"split_index",git/split-index.h,0,0,4,0,0,0
Struct,"split_measurement",git/xdiff/xdiffi.c,0,0,0,0,0,0
Struct,"split_score",git/xdiff/xdiffi.c,0,0,0,0,0,0
Struct,"src_data",git/builtin/fmt-merge-msg.c,0,0,1,0,0,0
Struct,"stage_data",git/merge-recursive.c,0,0,2,0,0,0
Struct,"stale_heads_info",git/remote.c,0,0,3,0,0,0
Struct,"startup_info",git/cache.h,0,0,0,0,0,0
Struct,"stat_data",git/cache.h,0,0,1,0,0,0
Struct,"stat_validity",git/cache.h,0,0,1,0,0,0
Struct,"status_cb",git/builtin/submodule--helper.c,0,0,0,0,0,0
Struct,"status_deferred_config",git/builtin/commit.c,0,0,0,0,0,0
Struct,"stored_bitmap",git/pack-bitmap.c,0,0,1,0,0,0
Struct,"strategy",git/builtin/merge.c,0,0,0,0,0,0
Struct,"strbuf",git/strbuf.h,0,0,0,0,0,0
Struct,"strbuf_expand_dict_entry",git/strbuf.h,0,0,0,0,0,0
Struct,"strbuf_list",git/builtin/config.c,0,0,1,0,0,0
Struct,"stream_filter",git/convert.c,0,0,1,0,0,0
Struct,"stream_filter_vtbl",git/convert.c,0,0,0,0,0,0
Struct,"stream_vtbl",git/streaming.c,0,0,0,0,0,0
Struct,"string_entry",git/sequencer.c,0,0,1,0,0,0
Struct,"string_list",git/string-list.h,0,0,1,0,0,0
Struct,"string_list_item",git/string-list.h,0,0,0,0,0,0
Struct,"string_list_ty",git/sh-i18n--envsubst.c,0,0,0,0,0,0
Struct,"string_slice",git/refs/ref-cache.c,0,0,0,0,0,0
Struct,"subject2item_entry",git/sequencer.c,0,0,1,0,0,0
Struct,"submodule",git/submodule-config.h,0,0,2,0,0,0
Struct,"submodule_alternate_setup",git/builtin/submodule--helper.c,0,0,1,0,0,0
Struct,"submodule_cache",git/submodule-config.c,0,0,1,0,0,0
Struct,"submodule_entry",git/submodule-config.c,0,0,2,0,0,0
Struct,"submodule_parallel_fetch",git/submodule.c,0,0,2,0,0,0
Struct,"submodule_update_clone",git/builtin/submodule--helper.c,0,0,4,0,0,0
Struct,"submodule_update_strategy",git/submodule.h,0,0,0,0,0,0
Struct,"subprocess_capability",git/sub-process.h,0,0,0,0,0,0
Struct,"subprocess_entry",git/sub-process.h,0,0,2,0,0,0
Struct,"suffix_match",git/versioncmp.c,0,0,0,0,0,0
Struct,"sync_cb",git/builtin/submodule--helper.c,0,0,0,0,0,0
Struct,"tag",git/fast-import.c,0,0,1,0,0,0
Struct,"tag",git/tag.h,0,0,1,0,0,0
Struct,"tempfile",git/tempfile.h,0,0,2,0,0,0
Struct,"test_cmd",git/t/helper/test-tool.c,0,0,0,0,0,0
Struct,"test_data",git/t/helper/test-path-utils.c,0,0,0,0,0,0
Struct,"test_entry",git/t/helper/test-hashmap.c,0,0,1,0,0,0
Struct,"text_stat",git/convert.c,0,0,0,0,0,0
Struct,"thread_data",git/preload-index.c,0,0,2,0,0,0
Struct,"thread_local",git/builtin/index-pack.c,0,0,1,0,0,0
Struct,"thread_params",git/builtin/pack-objects.c,0,0,1,0,0,0
Struct,"threadcache_t",git/compat/nedmalloc/nedmalloc.c,0,0,1,0,0,0
Struct,"threadcacheblk_t",git/compat/nedmalloc/nedmalloc.c,0,0,0,0,0,0
Struct,"throughput",git/progress.c,0,0,1,0,0,0
Struct,"tip_table",git/builtin/name-rev.c,0,0,1,0,0,0
Public Struct,"tip_table::tip_table_entry",git/builtin/name-rev.c,0,0,1,0,0,0
Struct,"tips",git/remote.c,0,0,1,0,0,0
Struct,"tmp_objdir",git/tmp-objdir.c,0,0,2,0,0,0
Struct,"todo_item",git/sequencer.c,0,0,1,0,0,0
Struct,"todo_list",git/sequencer.c,0,0,3,0,0,0
Struct,"trace_key",git/trace.h,0,0,0,0,0,0
Struct,"tracking",git/branch.c,0,0,1,0,0,0
Struct,"tracking_name_data",git/checkout.c,0,0,1,0,0,0
Struct,"trailer_info",git/trailer.h,0,0,0,0,0,0
Struct,"trailer_item",git/trailer.c,0,0,1,0,0,0
Struct,"transfer_request",git/http-push.c,0,0,5,0,0,0
Struct,"transport",git/transport.h,0,0,5,0,0,0
Struct,"transport_vtable",git/transport-internal.h,0,0,0,0,0,0
Struct,"traverse_info",git/tree-walk.h,0,0,2,0,0,0
Struct,"tree",git/kwset.c,0,0,1,0,0,0
Struct,"tree",git/tree.h,0,0,1,0,0,0
Struct,"tree_content",git/fast-import.c,0,0,1,0,0,0
Struct,"tree_desc",git/tree-walk.h,0,0,1,0,0,0
Struct,"tree_desc_skip",git/tree-walk.c,0,0,0,0,0,0
Struct,"tree_desc_x",git/tree-walk.c,0,0,2,0,0,0
Struct,"tree_entry",git/fast-import.c,0,0,3,0,0,0
Public Struct,"tree_entry::tree_entry_ms",git/fast-import.c,0,0,1,0,0,0
Struct,"tree_write_stack",git/notes.c,0,0,1,0,0,0
Struct,"treeent",git/builtin/mktree.c,0,0,1,0,0,0
Struct,"treesame_state",git/revision.c,0,0,0,0,0,0
Struct,"trie",git/path.c,0,0,0,0,0,0
Struct,"trie",git/kwset.c,0,0,1,0,0,0
Struct,"typelen",git/date.c,0,0,0,0,0,0
Struct,"unidirectional_transfer",git/transport-helper.c,0,0,0,0,0,0
Struct,"unix_sockaddr_context",git/unix-socket.c,0,0,0,0,0,0
Struct,"unpack_entry_stack_ent",git/packfile.c,0,0,0,0,0,0
Struct,"unpack_trees_options",git/unpack-trees.h,0,0,7,0,0,0
Struct,"unpacked",git/builtin/pack-objects.c,0,0,2,0,0,0
Struct,"unpacked_index_entry",git/diff-delta.c,0,0,1,0,0,0
Struct,"untracked_cache",git/dir.h,0,0,3,0,0,0
Struct,"untracked_cache_dir",git/dir.h,0,0,2,0,0,0
Struct,"update_callback_data",git/builtin/add.c,0,0,0,0,0,0
Struct,"upload_pack_data",git/upload-pack.c,0,0,3,0,0,0
Struct,"upload_pack_options",git/upload-pack.h,0,0,0,0,0,0
Struct,"url_info",git/urlmatch.h,0,0,0,0,0,0
Struct,"urlmatch_config",git/urlmatch.h,0,0,2,0,0,0
Struct,"urlmatch_current_candidate_value",git/builtin/config.c,0,0,1,0,0,0
Struct,"urlmatch_item",git/urlmatch.h,0,0,0,0,0,0
Struct,"used_atom",git/ref-filter.c,0,0,3,0,0,0
Struct,"userdiff_driver",git/userdiff.h,0,0,2,0,0,0
Struct,"userdiff_funcname",git/userdiff.h,0,0,0,0,0,0
Struct,"userformat_want",git/pretty.h,0,0,0,0,0,0
Struct,"ustar_header",git/tar.h,0,0,0,0,0,0
Struct,"utimbuf",git/compat/vcbuild/include/sys/utime.h,0,0,0,0,0,0
Struct,"utsname",git/compat/mingw.h,0,0,0,0,0,0
Struct,"volatile_list_head",git/list.h,0,0,0,0,0,0
Struct,"walker",git/walker.h,0,0,0,0,0,0
Struct,"walker_data",git/http-walker.c,0,0,1,0,0,0
Struct,"warn_if_dangling_data",git/refs.c,0,0,1,0,0,0
Struct,"whitespace_rule",git/ws.c,0,0,0,0,0,0
Struct,"window",git/vcs-svn/svndiff.c,0,0,2,0,0,0
Struct,"work_item",git/builtin/grep.c,0,0,2,0,0,0
Struct,"working_tree_entry",git/builtin/difftool.c,0,0,1,0,0,0
Struct,"worktree",git/worktree.h,0,0,1,0,0,0
Struct,"write_data",git/dir.c,0,0,2,0,0,0
Struct,"write_each_note_data",git/notes.c,0,0,2,0,0,0
Struct,"write_shallow_data",git/shallow.c,0,0,1,0,0,0
Struct,"wt_status",git/wt-status.h,0,0,2,0,0,0
Struct,"wt_status_change_data",git/wt-status.h,0,0,1,0,0,0
Struct,"wt_status_state",git/wt-status.h,0,0,1,0,0,0
Struct,"xdiff_emit_state",git/xdiff-interface.c,0,0,1,0,0,0
Struct,"xdlgroup",git/xdiff/xdiffi.c,0,0,0,0,0,0
Struct,"xml_ctx",git/http-push.c,0,0,0,0,0,0
Struct,"zip64_data_desc",git/archive-zip.c,0,0,0,0,0,0
Struct,"zip64_dir_trailer",git/archive-zip.c,0,0,0,0,0,0
Struct,"zip64_dir_trailer_locator",git/archive-zip.c,0,0,0,0,0,0
Struct,"zip64_extra",git/archive-zip.c,0,0,0,0,0,0
Struct,"zip_data_desc",git/archive-zip.c,0,0,0,0,0,0
Struct,"zip_dir_trailer",git/archive-zip.c,0,0,0,0,0,0
Struct,"zip_extra_mtime",git/archive-zip.c,0,0,0,0,0,0
Struct,"zip_local_header",git/archive-zip.c,0,0,0,0,0,0
